2060027800,4,4,4.0,4.0,4.0,4.0,4.0,4.0,4.0,4.0,4.0,4.0,4.0,4.0,4.0,4.466704994440079,4.0,4.466657197475433,4.0
2060029100,4,4,4.0,4.0,4.0,4.0,4.0,4.0,4.0,4.0,4.0,4.0,4.0,4.0,4.0,4.466706389188767,4.0,4.466657197475433,4.0
2060109701,3,3,0.0,0.0,0.0,0.0,0.0,0.0,0.0,0.0,0.0,0.0,0.0,0.0,0.0,0.06665725708007812,0.0,0.06665719747543336,0.0
2060000100,1,1,1.0,1.0,1.0,1.0,1.0,1.0,1.0,1.0,1.0,1.0,1.0,1.0,0.0,0.16665658354759216,0.0,0.16665748357772828,0.0
2060000101,2,2,2.0,2.0,2.0,2.0,2.0,2.0,2.0,2.0,2.0,2.0,2.0,2.0,0.0,0.2666570663452149,0.0,0.26665764451026924,2.0
2060000200,3,3,3.0,3.0,3.0,3.0,3.0,3.0,3.0,3.0,3.0,3.0,2.0,2.0,0.0,0.30983761092215517,3.0,3.309837404870896,3.0
2060000201,2,2,2.0,2.0,2.0,2.0,2.0,2.0,2.0,2.0,2.0,2.0,2.0,2.0,0.0,0.2666570842266083,0.0,0.2666576325893402,2.0
2060000300,5,5,5.0,5.0,6.0,4.0,4.0,4.0,4.0,4.0,4.0,4.0,2.0,2.0,0.0,0.46284567157677614,4.0,4.4628444521279595,0.0
2060000400,5,5,5.0,5.0,5.0,3.0,3.0,3.0,3.0,3.0,3.0,3.0,3.0,3.0,0.0,0.36411946398388184,3.0,3.3641187521704405,0.0
2060000401,3,3,0.0,0.0,0.0,0.0,0.0,0.0,0.0,0.0,0.0,0.0,0.0,0.0,0.0,0.06665725708007812,0.0,0.06665719747543336,0.0
2060000500,1,1,1.0,1.0,1.0,1.0,1.0,1.0,1.0,1.0,1.0,1.0,1.0,1.0,0.0,0.16665658354759216,0.0,0.16665748357772828,0.0
2060000600,3,3,3.0,3.0,3.0,3.0,3.0,3.0,3.0,3.0,3.0,3.0,3.0,3.0,0.0,0.36665740609169006,3.0,3.366656655073166,3.0
2060000700,3,3,3.0,3.0,3.0,3.0,3.0,3.0,3.0,3.0,3.0,3.0,3.0,3.0,0.0,0.3666574120521546,3.0,3.3666566491127012,3.0
2060000800,3,3,3.0,3.0,3.0,3.0,3.0,3.0,3.0,3.0,3.0,3.0,3.0,3.0,0.0,0.3666574120521546,3.0,3.3666566491127012,3.0
2060000900,3,3,3.0,3.0,3.0,3.0,3.0,3.0,3.0,3.0,3.0,3.0,3.0,3.0,0.0,0.3666574120521546,3.0,3.3666566491127012,3.0
2060001000,3,3,3.0,3.0,3.0,3.0,3.0,3.0,3.0,3.0,3.0,3.0,4.0,4.0,4.0,4.332174614935015,3.0,3.3320595559117736,3.0
2060001100,3,3,3.0,3.0,3.0,3.0,3.0,3.0,3.0,3.0,3.0,3.0,3.0,3.0,0.0,0.36665740609169006,3.0,3.366656655073166,3.0
2060001200,3,3,3.0,3.0,3.0,3.0,3.0,3.0,3.0,3.0,3.0,3.0,3.0,3.0,0.0,0.3666574120521546,3.0,3.3666566491127012,3.0
2060001300,4,4,4.0,4.0,4.0,4.0,4.0,4.0,4.0,4.0,4.0,4.0,4.0,4.0,4.0,4.466707122325897,4.0,4.466657197475433,4.0
2060001400,4,4,4.0,4.0,4.0,4.0,4.0,4.0,4.0,4.0,4.0,4.0,4.0,4.0,4.0,4.466705536842346,4.0,4.466657197475433,4.0
2060001500,3,3,3.0,3.0,3.0,3.0,3.0,3.0,3.0,3.0,3.0,3.0,3.0,3.0,0.0,0.36665741801261903,3.0,3.3666566491127012,3.0
2060001600,5,5,5.0,5.0,5.0,5.0,5.0,5.0,5.0,5.0,5.0,5.0,5.0,5.0,0.0,0.5666576981544496,0.0,0.5666588425636292,0.0
2060001701,3,3,3.0,3.0,3.0,3.0,3.0,3.0,3.0,3.0,3.0,3.0,3.0,3.0,0.0,0.3666574120521546,3.0,3.3666566491127012,3.0
2060001702,3,3,3.0,3.0,3.0,3.0,3.0,3.0,3.0,3.0,3.0,3.0,3.0,3.0,0.0,0.3666574120521546,3.0,3.3666566491127012,3.0
2060001703,3,3,0.0,0.0,0.0,0.0,0.0,0.0,0.0,0.0,0.0,0.0,0.0,0.0,0.0,0.06665725708007812,0.0,0.06665719747543336,0.0
2060001900,4,4,4.0,4.0,4.0,4.0,4.0,4.0,4.0,4.0,4.0,4.0,4.0,4.0,4.0,4.466706079244614,4.0,4.466657197475433,4.0
2060002000,3,3,3.0,3.0,3.0,3.0,3.0,3.0,3.0,3.0,3.0,3.0,3.0,3.0,0.0,0.36665740609169006,3.0,3.3666566491127012,3.0
2060002001,3,3,0.0,0.0,0.0,0.0,0.0,0.0,0.0,0.0,0.0,0.0,0.0,0.0,0.0,0.06665725708007812,0.0,0.06665719747543336,0.0
2060002100,4,4,4.0,4.0,4.0,4.0,4.0,4.0,4.0,4.0,4.0,4.0,4.0,4.0,4.0,4.466708105802536,4.0,4.466657191514969,4.0
2060002200,3,3,3.0,3.0,3.0,3.0,3.0,3.0,3.0,3.0,3.0,3.0,3.0,3.0,0.0,0.3666574120521546,3.0,3.3666566491127012,3.0
2060002400,4,4,4.0,4.0,4.0,4.0,4.0,4.0,4.0,4.0,3.0,3.0,3.0,3.0,0.0,0.3980897131892973,4.0,4.398089097845309,4.0
2060002500,4,4,4.0,4.0,4.0,4.0,4.0,4.0,4.0,4.0,4.0,4.0,4.0,4.0,4.0,4.466704159975052,4.0,4.466657197475433,4.0
2060002600,3,3,2.0,2.0,2.0,2.0,2.0,2.0,2.0,2.0,2.0,2.0,2.0,2.0,0.0,0.26665735244750977,0.0,0.2666576385498047,2.0
2060002700,4,4,4.0,4.0,4.0,4.0,4.0,4.0,4.0,4.0,4.0,4.0,4.0,4.0,4.0,4.466705310344696,4.0,4.466657197475433,4.0
2060002701,2,2,2.0,2.0,2.0,2.0,2.0,2.0,2.0,2.0,2.0,2.0,2.0,2.0,0.0,0.2666570842266083,0.0,0.2666576325893402,2.0
2060002800,4,4,4.0,4.0,4.0,4.0,4.0,4.0,4.0,4.0,4.0,4.0,4.0,4.0,4.0,4.466707479953766,4.0,4.466657197475433,4.0
2060002801,4,4,4.0,4.0,4.0,4.0,4.0,4.0,4.0,4.0,4.0,4.0,2.0,2.0,0.0,0.4196748959086818,4.0,4.41967420657356,4.0
2060002900,3,3,2.0,2.0,3.0,3.0,3.0,3.0,3.0,3.0,3.0,3.0,3.0,3.0,0.0,0.3666574120521546,3.0,3.3666566491127012,2.0
2060002901,1,1,1.0,1.0,1.0,1.0,1.0,1.0,1.0,1.0,1.0,1.0,1.0,1.0,0.0,0.16665655374526978,0.0,0.16665747761726382,0.0
2060003100,4,4,4.0,4.0,4.0,4.0,4.0,4.0,4.0,4.0,4.0,4.0,4.0,4.0,4.0,4.46670863032341,4.0,4.466657197475433,4.0
2060003101,2,2,2.0,2.0,2.0,2.0,2.0,2.0,2.0,2.0,2.0,2.0,2.0,2.0,0.0,0.2666570842266083,0.0,0.2666576325893402,2.0
2060003400,4,4,4.0,4.0,4.0,4.0,4.0,4.0,4.0,4.0,3.0,3.0,2.0,2.0,0.0,0.40121189787522493,4.0,4.401210877242706,4.0
2060004100,4,4,4.0,4.0,2.0,3.0,3.0,3.0,3.0,3.0,3.0,3.0,3.0,3.0,0.0,0.30983768772307907,3.0,3.309837401124509,4.0
2060004900,3,3,3.0,3.0,2.0,2.0,2.0,2.0,2.0,2.0,2.0,2.0,2.0,2.0,0.0,0.2666573464870453,0.0,0.2666576385498047,3.0
2060005000,2,2,2.0,2.0,2.0,2.0,2.0,2.0,2.0,2.0,2.0,2.0,2.0,2.0,0.0,0.2666570663452149,0.0,0.2666576385498047,2.0
2060005100,3,3,3.0,3.0,3.0,3.0,3.0,3.0,3.0,3.0,3.0,3.0,3.0,3.0,0.0,0.3666574120521546,3.0,3.3666566491127012,3.0
2060005200,1,1,1.0,1.0,1.0,1.0,1.0,1.0,1.0,1.0,1.0,1.0,1.0,1.0,0.0,0.16665656566619874,0.0,0.16665748357772828,0.0
2060005300,3,3,3.0,3.0,3.0,3.0,3.0,3.0,3.0,3.0,3.0,3.0,3.0,3.0,0.0,0.36665740609169006,3.0,3.366656655073166,3.0
2060005400,4,4,4.0,4.0,4.0,4.0,4.0,4.0,4.0,4.0,4.0,4.0,4.0,4.0,4.0,4.466704910993576,4.0,4.466657197475433,4.0
2060005401,3,3,0.0,0.0,0.0,0.0,0.0,0.0,0.0,0.0,0.0,0.0,0.0,0.0,0.0,0.06665725708007812,0.0,0.06665719747543336,0.0
2060005402,3,3,0.0,0.0,0.0,0.0,0.0,0.0,0.0,0.0,0.0,0.0,0.0,0.0,0.0,0.06665725708007812,0.0,0.06665719747543336,0.0
2060005500,2,2,2.0,2.0,2.0,2.0,2.0,2.0,2.0,2.0,2.0,2.0,2.0,2.0,0.0,0.2666570842266083,0.0,0.2666576325893402,2.0
2060005600,4,4,4.0,4.0,4.0,4.0,4.0,4.0,4.0,4.0,4.0,4.0,4.0,4.0,4.0,4.466705930233002,4.0,4.466657197475433,4.0
2060005700,4,4,4.0,4.0,4.0,4.0,4.0,4.0,4.0,4.0,4.0,4.0,4.0,4.0,4.0,4.4667101263999935,4.0,4.466657191514969,4.0
2060005800,4,4,4.0,4.0,4.0,4.0,4.0,4.0,4.0,4.0,4.0,4.0,4.0,4.0,4.0,4.46670600771904,4.0,4.466657197475433,4.0
2060005900,3,3,3.0,3.0,3.0,3.0,3.0,3.0,3.0,3.0,3.0,3.0,3.0,3.0,0.0,0.3666574120521546,3.0,3.3666566491127012,3.0
2060006000,1,1,1.0,1.0,1.0,1.0,1.0,1.0,1.0,1.0,1.0,1.0,1.0,1.0,0.0,0.16665657162666322,0.0,0.16665748357772828,0.0
2060006100,3,3,3.0,3.0,3.0,3.0,3.0,3.0,3.0,3.0,3.0,3.0,3.0,3.0,0.0,0.36665740609169006,3.0,3.3666566491127012,3.0
2060006101,3,3,0.0,0.0,0.0,0.0,0.0,0.0,0.0,0.0,0.0,0.0,0.0,0.0,0.0,0.06665725708007812,0.0,0.06665719151496888,0.0
2060006102,3,3,0.0,0.0,0.0,0.0,0.0,0.0,0.0,0.0,0.0,0.0,0.0,0.0,0.0,0.06665725708007812,0.0,0.06665719747543336,0.0
2060006200,3,3,3.0,3.0,3.0,3.0,3.0,3.0,3.0,3.0,3.0,3.0,3.0,3.0,0.0,0.3666574120521546,3.0,3.3666566491127012,3.0
2060006300,3,3,3.0,3.0,3.0,3.0,3.0,3.0,3.0,3.0,3.0,3.0,3.0,3.0,0.0,0.36665740609169006,3.0,3.3666566491127012,3.0
2060006400,3,3,3.0,3.0,3.0,3.0,3.0,3.0,3.0,3.0,3.0,3.0,3.0,3.0,0.0,0.3666574120521546,3.0,3.3666566491127012,3.0
2060006500,3,3,3.0,3.0,3.0,3.0,3.0,3.0,3.0,3.0,3.0,3.0,3.0,3.0,0.0,0.3666574120521546,3.0,3.3666566491127012,3.0
2060006600,3,3,3.0,3.0,3.0,3.0,3.0,3.0,3.0,3.0,3.0,3.0,3.0,3.0,0.0,0.3666574120521546,3.0,3.3666566491127012,3.0
2060006700,4,4,4.0,4.0,4.0,4.0,4.0,4.0,4.0,4.0,4.0,4.0,4.0,4.0,4.0,4.466707944869995,4.0,4.466657197475433,4.0
2060006800,1,1,1.0,1.0,1.0,1.0,1.0,1.0,1.0,1.0,1.0,1.0,1.0,1.0,0.0,0.16665655970573423,0.0,0.16665747761726382,0.0
2060006900,3,3,3.0,3.0,3.0,3.0,3.0,3.0,3.0,3.0,3.0,3.0,3.0,3.0,0.0,0.3666574120521546,3.0,3.3666566491127012,3.0
2060007000,3,3,3.0,3.0,3.0,3.0,3.0,3.0,3.0,3.0,3.0,3.0,3.0,3.0,0.0,0.36665741801261903,3.0,3.366656643152237,3.0
2060007100,3,3,3.0,3.0,3.0,3.0,3.0,3.0,3.0,3.0,3.0,3.0,3.0,3.0,0.0,0.3666574120521546,3.0,3.3666566491127012,3.0
2060007200,4,4,4.0,4.0,4.0,4.0,4.0,4.0,4.0,4.0,4.0,4.0,4.0,4.0,4.0,4.46670960187912,4.0,4.466657191514969,4.0
2060007300,3,3,3.0,3.0,3.0,3.0,3.0,3.0,3.0,3.0,3.0,3.0,2.0,2.0,0.0,0.30983760904896185,3.0,3.3098374029977027,3.0
2060007301,4,4,0.0,0.0,0.0,0.0,0.0,0.0,0.0,0.0,0.0,0.0,0.0,0.0,0.0,0.06665740609169006,0.0,0.06665719747543336,0.0
2060007400,4,4,4.0,4.0,4.0,4.0,4.0,4.0,4.0,4.0,4.0,4.0,4.0,4.0,4.0,4.466707336902618,4.0,4.466657197475433,4.0
2060007500,4,4,4.0,4.0,4.0,4.0,4.0,4.0,4.0,4.0,4.0,4.0,4.0,4.0,4.0,4.466705954074859,4.0,4.466657197475433,4.0
2060007600,4,4,4.0,4.0,4.0,4.0,4.0,4.0,4.0,4.0,4.0,4.0,4.0,4.0,4.0,4.466704505681991,4.0,4.466657197475433,4.0
2060007700,3,3,3.0,3.0,3.0,3.0,3.0,3.0,3.0,3.0,3.0,3.0,3.0,3.0,0.0,0.3666574120521546,3.0,3.3666566491127012,3.0
2060007800,4,4,4.0,4.0,4.0,4.0,4.0,4.0,4.0,4.0,4.0,4.0,4.0,4.0,4.0,4.466709077358246,4.0,4.466657191514969,4.0
2060008000,3,3,3.0,3.0,3.0,3.0,3.0,3.0,3.0,3.0,3.0,3.0,3.0,3.0,0.0,0.36665740609169006,3.0,3.3666566491127012,3.0
2060008100,1,1,1.0,1.0,1.0,1.0,1.0,1.0,1.0,1.0,1.0,1.0,1.0,1.0,0.0,0.16665658354759216,0.0,0.16665748357772828,0.0
2060008200,4,4,4.0,4.0,4.0,4.0,4.0,4.0,4.0,4.0,4.0,4.0,3.0,3.0,0.0,0.4098379387309769,4.0,4.409837781382742,4.0
2060008201,4,4,0.0,0.0,0.0,0.0,0.0,0.0,0.0,0.0,0.0,0.0,0.0,0.0,0.0,0.06665740609169006,0.0,0.06665719747543336,0.0
2060008300,3,3,3.0,3.0,3.0,3.0,3.0,3.0,3.0,3.0,3.0,3.0,3.0,3.0,0.0,0.3666574120521546,3.0,3.3666566491127012,3.0
2060008400,3,3,3.0,3.0,3.0,3.0,3.0,3.0,3.0,3.0,3.0,3.0,3.0,3.0,0.0,0.3666574120521546,3.0,3.3666566491127012,3.0
2060008500,4,4,3.0,3.0,3.0,3.0,3.0,3.0,3.0,3.0,3.0,3.0,3.0,3.0,0.0,0.3666576325893402,3.0,3.3666566491127012,3.0
2060008600,2,2,2.0,2.0,2.0,2.0,2.0,2.0,2.0,2.0,2.0,2.0,2.0,2.0,0.0,0.26665707826614377,0.0,0.2666576385498047,2.0
2060008700,3,3,3.0,3.0,3.0,3.0,3.0,3.0,3.0,3.0,3.0,3.0,3.0,3.0,0.0,0.36665740609169006,3.0,3.3666566491127012,3.0
2060008800,4,4,4.0,4.0,4.0,4.0,4.0,4.0,4.0,4.0,4.0,4.0,3.0,3.0,0.0,0.4098379406041702,4.0,4.409837783255936,4.0
2060008900,4,4,4.0,4.0,4.0,4.0,4.0,4.0,4.0,4.0,4.0,4.0,3.0,3.0,0.0,0.40983794247736327,4.0,4.409837785129129,4.0
2060009000,3,3,3.0,3.0,3.0,3.0,3.0,3.0,3.0,3.0,3.0,3.0,3.0,3.0,0.0,0.3666574120521546,3.0,3.3666566491127012,3.0
2060009100,3,3,3.0,3.0,3.0,3.0,3.0,3.0,3.0,3.0,3.0,3.0,3.0,3.0,0.0,0.36665741801261903,3.0,3.3666566491127012,3.0
2060009200,3,3,3.0,3.0,3.0,3.0,3.0,3.0,3.0,3.0,3.0,3.0,3.0,3.0,0.0,0.36665740609169006,3.0,3.366656655073166,3.0
2060009300,3,3,3.0,3.0,3.0,3.0,3.0,3.0,3.0,3.0,3.0,3.0,3.0,3.0,0.0,0.36665740609169006,3.0,3.366656655073166,3.0
2060009400,3,3,3.0,3.0,3.0,3.0,3.0,3.0,3.0,3.0,3.0,3.0,3.0,3.0,0.0,0.3666574120521546,3.0,3.3666566491127012,3.0
2060009500,3,3,3.0,3.0,3.0,3.0,3.0,3.0,3.0,3.0,3.0,3.0,3.0,3.0,0.0,0.3666574001312256,3.0,3.366656655073166,3.0
2060009600,3,3,3.0,3.0,3.0,3.0,3.0,3.0,3.0,3.0,3.0,3.0,3.0,3.0,0.0,0.3666574001312256,3.0,3.366656655073166,3.0
2060009700,3,3,3.0,3.0,3.0,3.0,3.0,3.0,3.0,3.0,3.0,3.0,3.0,3.0,0.0,0.36665740609169006,3.0,3.3666566491127012,3.0
2060009800,3,3,3.0,3.0,3.0,3.0,3.0,3.0,3.0,3.0,3.0,3.0,3.0,3.0,0.0,0.36665741801261903,3.0,3.3666566491127012,3.0
2060009900,4,4,4.0,4.0,4.0,4.0,4.0,4.0,4.0,4.0,4.0,4.0,4.0,4.0,4.0,4.466707700490952,4.0,4.466657191514969,4.0
2060009901,3,3,0.0,0.0,0.0,0.0,0.0,0.0,0.0,0.0,0.0,0.0,0.0,0.0,0.0,0.06665725708007812,0.0,0.06665719747543336,0.0
2060009902,3,3,0.0,0.0,0.0,0.0,0.0,0.0,0.0,0.0,0.0,0.0,0.0,0.0,0.0,0.06665725708007812,0.0,0.06665719747543336,0.0
2060010000,4,4,4.0,4.0,4.0,4.0,4.0,4.0,4.0,4.0,4.0,4.0,4.0,4.0,4.0,4.466706889867782,4.0,4.466657197475433,4.0
2060010001,3,3,0.0,0.0,0.0,0.0,0.0,0.0,0.0,0.0,0.0,0.0,0.0,0.0,0.0,0.06665725708007812,0.0,0.06665719747543336,0.0
2060010002,3,3,0.0,0.0,0.0,0.0,0.0,0.0,0.0,0.0,0.0,0.0,0.0,0.0,0.0,0.06665725708007812,0.0,0.06665719151496888,0.0
2060010100,4,4,4.0,4.0,4.0,4.0,4.0,4.0,4.0,4.0,4.0,4.0,4.0,4.0,4.0,4.466704910993576,4.0,4.466657197475433,4.0
2060010200,3,3,3.0,3.0,3.0,3.0,3.0,3.0,3.0,3.0,3.0,3.0,3.0,3.0,0.0,0.3666574120521546,3.0,3.3666566491127012,3.0
2060010300,4,4,4.0,4.0,4.0,4.0,4.0,4.0,4.0,4.0,4.0,4.0,4.0,4.0,4.0,4.466705584526062,4.0,4.466657197475433,4.0
2060010400,4,4,4.0,4.0,4.0,4.0,4.0,4.0,4.0,4.0,4.0,4.0,4.0,4.0,4.0,4.466705572605133,4.0,4.466657197475433,4.0
2060010401,3,3,0.0,0.0,0.0,0.0,0.0,0.0,0.0,0.0,0.0,0.0,0.0,0.0,0.0,0.06665725708007812,0.0,0.06665719747543336,0.0
2060010500,4,4,4.0,4.0,4.0,4.0,4.0,4.0,4.0,4.0,4.0,4.0,4.0,4.0,4.0,4.466704559326172,4.0,4.466657197475433,4.0
2060010600,3,3,3.0,3.0,3.0,3.0,3.0,3.0,3.0,3.0,3.0,3.0,3.0,3.0,0.0,0.36665740609169006,3.0,3.3666566491127012,3.0
2060010700,3,3,3.0,3.0,3.0,3.0,3.0,3.0,3.0,3.0,3.0,3.0,3.0,3.0,0.0,0.36665741801261903,3.0,3.366656643152237,3.0
2060010701,3,3,0.0,0.0,0.0,0.0,0.0,0.0,0.0,0.0,0.0,0.0,0.0,0.0,0.0,0.06665725708007812,0.0,0.06665719747543336,0.0
2060010800,3,3,3.0,3.0,3.0,3.0,3.0,3.0,3.0,3.0,3.0,3.0,3.0,3.0,0.0,0.36665740609169006,3.0,3.3666566491127012,3.0
2060010900,2,2,2.0,2.0,2.0,2.0,2.0,2.0,2.0,2.0,2.0,2.0,2.0,2.0,0.0,0.26665707826614377,0.0,0.2666576385498047,2.0
2060011000,4,4,4.0,4.0,4.0,4.0,4.0,4.0,4.0,4.0,4.0,4.0,4.0,4.0,4.0,4.466708332300186,4.0,4.466657191514969,4.0
2060011100,4,4,4.0,4.0,4.0,4.0,4.0,4.0,4.0,4.0,4.0,4.0,4.0,4.0,4.0,4.466705197095871,4.0,4.466657197475433,4.0
2060011101,3,3,0.0,0.0,0.0,0.0,0.0,0.0,0.0,0.0,0.0,0.0,0.0,0.0,0.0,0.06665725708007812,0.0,0.06665719747543336,0.0
2060011200,4,4,4.0,4.0,4.0,4.0,4.0,4.0,4.0,4.0,4.0,4.0,4.0,4.0,4.0,4.4667100548744205,4.0,4.466657191514969,4.0
2060011300,6,6,6.0,6.0,7.0,3.0,3.0,3.0,3.0,3.0,3.0,3.0,2.0,2.0,0.0,0.42220992247263595,3.0,3.4222092628479004,0.0
2060011400,4,4,4.0,4.0,4.0,4.0,4.0,4.0,4.0,4.0,4.0,4.0,4.0,4.0,4.0,4.466709589958191,4.0,4.466657191514969,4.0
2060011500,3,3,3.0,3.0,3.0,3.0,3.0,3.0,3.0,3.0,3.0,3.0,3.0,3.0,0.0,0.3666574120521546,3.0,3.3666566491127012,3.0
2060011600,2,2,2.0,2.0,2.0,2.0,2.0,2.0,2.0,2.0,2.0,2.0,2.0,2.0,0.0,0.2666570901870728,0.0,0.2666576325893402,2.0
2060011700,4,4,4.0,4.0,4.0,4.0,4.0,4.0,4.0,4.0,4.0,4.0,4.0,4.0,4.0,4.4667074382305145,4.0,4.466657197475433,4.0
2060011800,4,4,3.0,3.0,3.0,3.0,3.0,3.0,3.0,3.0,3.0,3.0,3.0,3.0,0.0,0.3666576266288757,3.0,3.3666566491127012,3.0
2060011801,3,3,0.0,0.0,0.0,0.0,0.0,0.0,0.0,0.0,0.0,0.0,0.0,0.0,0.0,0.06665725708007812,0.0,0.06665719747543336,0.0
2060011802,3,3,0.0,0.0,0.0,0.0,0.0,0.0,0.0,0.0,0.0,0.0,0.0,0.0,0.0,0.06665725708007812,0.0,0.06665719747543336,0.0
2060011900,4,4,4.0,4.0,4.0,4.0,4.0,4.0,4.0,4.0,4.0,4.0,4.0,4.0,4.0,4.466706883907318,4.0,4.466657197475433,4.0
2060012000,4,4,4.0,4.0,4.0,4.0,4.0,4.0,4.0,4.0,4.0,4.0,4.0,4.0,4.0,4.466708505153656,4.0,4.466657191514969,4.0
2060012100,3,3,3.0,3.0,3.0,3.0,3.0,3.0,3.0,3.0,3.0,3.0,3.0,3.0,0.0,0.36665740609169006,3.0,3.3666566491127012,3.0
2060012200,4,4,4.0,4.0,4.0,4.0,4.0,4.0,4.0,4.0,4.0,4.0,4.0,4.0,4.0,4.466706681251526,4.0,4.466657197475433,4.0
2060012300,4,4,4.0,4.0,4.0,4.0,4.0,4.0,4.0,4.0,4.0,4.0,4.0,4.0,4.0,4.466706043481826,4.0,4.466657197475433,4.0
2060012400,4,4,4.0,4.0,4.0,4.0,4.0,4.0,4.0,4.0,4.0,4.0,4.0,4.0,4.0,4.466705018281937,4.0,4.466657197475433,4.0
2060012500,2,2,2.0,2.0,2.0,2.0,2.0,2.0,2.0,2.0,2.0,2.0,2.0,2.0,0.0,0.2666570901870728,0.0,0.2666576325893402,2.0
2060012600,3,3,3.0,3.0,3.0,3.0,3.0,3.0,3.0,3.0,3.0,3.0,3.0,3.0,0.0,0.36665741801261903,3.0,3.3666566491127012,3.0
2060012700,4,4,4.0,4.0,4.0,4.0,4.0,4.0,4.0,4.0,4.0,4.0,4.0,4.0,4.0,4.466704553365707,4.0,4.466657197475433,4.0
2060012800,4,4,4.0,4.0,4.0,4.0,4.0,4.0,4.0,4.0,4.0,4.0,4.0,4.0,4.0,4.466704624891281,4.0,4.466657197475433,4.0
2060012900,4,4,4.0,4.0,4.0,4.0,4.0,4.0,4.0,4.0,4.0,4.0,4.0,4.0,4.0,4.466706770658493,4.0,4.466657191514969,4.0
2060013000,4,4,4.0,4.0,4.0,4.0,4.0,4.0,4.0,4.0,4.0,4.0,4.0,4.0,4.0,4.46670692563057,4.0,4.466657197475433,4.0
2060013001,3,3,0.0,0.0,0.0,0.0,0.0,0.0,0.0,0.0,0.0,0.0,0.0,0.0,0.0,0.06665725708007812,0.0,0.06665719747543336,0.0
2060013100,3,3,3.0,3.0,3.0,3.0,3.0,3.0,3.0,3.0,3.0,3.0,2.0,2.0,0.0,0.30983761279534844,3.0,3.309837406744089,3.0
2060013200,3,3,3.0,3.0,3.0,3.0,3.0,3.0,3.0,3.0,3.0,3.0,3.0,3.0,0.0,0.36665740609169006,3.0,3.366656655073166,3.0
2060013300,4,4,4.0,4.0,4.0,4.0,4.0,4.0,4.0,4.0,4.0,4.0,4.0,4.0,4.0,4.466706550121307,4.0,4.466657197475433,4.0
2060013400,3,3,3.0,3.0,3.0,3.0,3.0,3.0,3.0,3.0,3.0,3.0,3.0,3.0,0.0,0.3666574120521546,3.0,3.3666566491127012,3.0
2060013500,4,4,4.0,4.0,4.0,4.0,4.0,4.0,4.0,4.0,4.0,4.0,4.0,4.0,4.0,4.466706788539886,4.0,4.466657197475433,4.0
2060013600,3,3,3.0,3.0,3.0,3.0,3.0,3.0,3.0,3.0,3.0,3.0,3.0,3.0,0.0,0.36665740609169006,3.0,3.3666566491127012,3.0
2060013700,3,3,3.0,3.0,3.0,3.0,3.0,3.0,3.0,3.0,3.0,3.0,3.0,3.0,0.0,0.36665741801261903,3.0,3.3666566491127012,3.0
2060013800,3,3,3.0,3.0,3.0,3.0,3.0,3.0,3.0,3.0,3.0,3.0,3.0,3.0,0.0,0.3666574120521546,3.0,3.3666566491127012,3.0
2060013900,3,3,3.0,3.0,3.0,3.0,3.0,3.0,3.0,3.0,3.0,3.0,3.0,3.0,0.0,0.36665740609169006,3.0,3.366656655073166,3.0
2060014000,3,3,3.0,3.0,3.0,3.0,3.0,3.0,3.0,3.0,3.0,3.0,2.0,2.0,0.0,0.3098376071757686,3.0,3.309837399251316,3.0
2060014100,3,3,3.0,3.0,3.0,3.0,3.0,3.0,3.0,3.0,3.0,3.0,3.0,3.0,0.0,0.36665741801261903,3.0,3.3666566491127012,3.0
2060014200,4,4,4.0,4.0,4.0,4.0,4.0,4.0,4.0,4.0,4.0,4.0,4.0,4.0,4.0,4.466704338788986,4.0,4.466657197475433,4.0
2060014300,3,3,3.0,3.0,3.0,3.0,3.0,3.0,3.0,3.0,3.0,3.0,3.0,3.0,0.0,0.36665741801261903,3.0,3.3666566491127012,3.0
2060014400,1,1,1.0,1.0,1.0,1.0,1.0,1.0,1.0,1.0,1.0,1.0,1.0,1.0,0.0,0.1666565477848053,0.0,0.16665747761726382,0.0
2060014500,3,3,3.0,3.0,3.0,3.0,3.0,3.0,3.0,3.0,3.0,3.0,3.0,3.0,0.0,0.3666574120521546,3.0,3.3666566491127012,3.0
2060014600,3,3,3.0,3.0,3.0,3.0,3.0,3.0,3.0,3.0,3.0,3.0,3.0,3.0,0.0,0.36665741801261903,3.0,3.3666566491127012,3.0
2060014700,4,4,4.0,4.0,4.0,4.0,4.0,4.0,4.0,4.0,4.0,4.0,4.0,4.0,4.0,4.46670515537262,4.0,4.466657197475433,4.0
2060014800,3,3,3.0,3.0,3.0,3.0,3.0,3.0,3.0,3.0,3.0,3.0,3.0,3.0,0.0,0.36665740609169006,3.0,3.3666566491127012,3.0
2060014900,1,1,1.0,1.0,1.0,1.0,1.0,1.0,1.0,1.0,1.0,1.0,1.0,1.0,0.0,0.16665655970573423,0.0,0.16665747761726382,0.0
2060015000,4,4,4.0,4.0,4.0,4.0,4.0,4.0,4.0,4.0,4.0,4.0,4.0,4.0,4.0,4.466706329584122,4.0,4.466657197475433,4.0
2060015100,3,3,3.0,3.0,3.0,3.0,3.0,3.0,3.0,3.0,3.0,3.0,3.0,3.0,0.0,0.3666574120521546,3.0,3.3666566491127012,3.0
2060015200,4,4,4.0,4.0,4.0,4.0,4.0,4.0,4.0,4.0,4.0,4.0,4.0,4.0,4.0,4.466707557439804,4.0,4.466657197475433,4.0
2060015300,4,4,4.0,4.0,4.0,4.0,4.0,4.0,4.0,4.0,4.0,4.0,4.0,4.0,4.0,4.466706854104996,4.0,4.466657191514969,4.0
2060015400,3,3,3.0,3.0,3.0,3.0,3.0,3.0,3.0,3.0,3.0,3.0,3.0,3.0,0.0,0.3666574120521546,3.0,3.3666566491127012,3.0
2060015500,3,3,3.0,3.0,3.0,3.0,3.0,3.0,3.0,3.0,3.0,3.0,3.0,3.0,0.0,0.36665741801261903,3.0,3.3666566491127012,3.0
2060015600,4,4,4.0,4.0,4.0,4.0,4.0,4.0,4.0,4.0,4.0,4.0,4.0,4.0,4.0,4.466710644960403,4.0,4.466657191514969,4.0
2060015700,4,4,4.0,4.0,4.0,4.0,4.0,4.0,4.0,4.0,4.0,4.0,4.0,4.0,4.0,4.466706138849259,4.0,4.466657197475433,4.0
2060015800,3,3,3.0,3.0,3.0,3.0,3.0,3.0,3.0,3.0,3.0,3.0,3.0,3.0,0.0,0.3666574120521546,3.0,3.3666566491127012,3.0
2060015900,3,3,3.0,3.0,3.0,3.0,3.0,3.0,3.0,3.0,3.0,3.0,3.0,3.0,0.0,0.36665740609169006,3.0,3.366656655073166,3.0
2060016000,2,2,1.0,1.0,1.0,1.0,1.0,1.0,1.0,1.0,1.0,1.0,1.0,1.0,0.0,0.16665694713592527,0.0,0.16665747761726382,0.0
2060016100,3,3,3.0,3.0,3.0,3.0,3.0,3.0,3.0,3.0,3.0,3.0,3.0,3.0,0.0,0.3666574120521546,3.0,3.3666566491127012,3.0
2060016200,3,3,3.0,3.0,3.0,3.0,3.0,3.0,3.0,3.0,3.0,3.0,3.0,3.0,0.0,0.3666574001312256,3.0,3.366656655073166,3.0
2060016300,3,3,3.0,3.0,3.0,3.0,3.0,3.0,3.0,3.0,3.0,3.0,3.0,3.0,0.0,0.3666574120521546,3.0,3.3666566491127012,3.0
2060016400,3,3,3.0,3.0,3.0,3.0,3.0,3.0,3.0,3.0,3.0,3.0,2.0,2.0,0.0,0.30983761092215517,3.0,3.309837404870896,3.0
2060016500,3,3,3.0,3.0,3.0,3.0,3.0,3.0,3.0,3.0,3.0,3.0,3.0,3.0,0.0,0.36665740609169006,3.0,3.3666566491127012,3.0
2060016600,1,1,1.0,1.0,1.0,1.0,1.0,1.0,1.0,1.0,1.0,1.0,1.0,1.0,0.0,0.16665656566619874,0.0,0.16665747761726382,0.0
2060016700,4,4,4.0,4.0,4.0,4.0,4.0,4.0,4.0,4.0,4.0,4.0,3.0,3.0,0.0,0.4098379387309769,4.0,4.409837781382742,4.0
2060016800,3,3,3.0,3.0,3.0,3.0,3.0,3.0,3.0,3.0,3.0,3.0,3.0,3.0,0.0,0.3666574120521546,3.0,3.3666566491127012,3.0
2060016900,1,1,1.0,1.0,1.0,1.0,1.0,1.0,1.0,1.0,1.0,1.0,1.0,1.0,0.0,0.1666565775871277,0.0,0.16665748357772828,0.0
2060017000,4,4,4.0,4.0,4.0,4.0,4.0,4.0,4.0,4.0,4.0,4.0,4.0,4.0,4.0,4.46670783162117,4.0,4.466657197475433,4.0
2060017100,3,3,3.0,3.0,3.0,3.0,3.0,3.0,3.0,3.0,3.0,3.0,3.0,3.0,0.0,0.3666574120521546,3.0,3.3666566491127012,3.0
2060017200,3,3,3.0,3.0,3.0,3.0,3.0,3.0,3.0,3.0,3.0,3.0,3.0,3.0,0.0,0.3666574120521546,3.0,3.3666566491127012,3.0
2060017300,1,1,1.0,1.0,1.0,1.0,1.0,1.0,1.0,1.0,1.0,1.0,1.0,1.0,0.0,0.16665657162666322,0.0,0.16665748357772828,0.0
2060017400,3,3,3.0,3.0,3.0,3.0,3.0,3.0,3.0,3.0,3.0,3.0,3.0,3.0,0.0,0.3666574120521546,3.0,3.3666566491127012,3.0
2060017500,3,3,3.0,3.0,3.0,3.0,3.0,3.0,3.0,3.0,3.0,3.0,3.0,3.0,0.0,0.3666574120521546,3.0,3.3666566491127012,3.0
2060017600,3,3,3.0,3.0,3.0,3.0,3.0,3.0,3.0,3.0,3.0,3.0,3.0,3.0,0.0,0.36665740609169006,3.0,3.366656655073166,3.0
2060017700,4,4,4.0,4.0,4.0,4.0,4.0,4.0,4.0,4.0,4.0,4.0,2.0,2.0,0.0,0.4196748959086818,4.0,4.41967420657356,4.0
2060017800,3,3,3.0,3.0,3.0,3.0,3.0,3.0,3.0,3.0,3.0,3.0,3.0,3.0,0.0,0.3666574120521546,3.0,3.3666566491127012,3.0
2060017900,3,3,3.0,3.0,3.0,3.0,3.0,3.0,3.0,3.0,3.0,3.0,3.0,3.0,0.0,0.36665740609169006,3.0,3.366656655073166,3.0
2060018000,4,4,4.0,4.0,4.0,4.0,4.0,4.0,4.0,4.0,4.0,4.0,2.0,2.0,0.0,0.4196748959086818,4.0,4.41967420657356,4.0
2060018100,3,3,3.0,3.0,3.0,3.0,3.0,3.0,3.0,3.0,3.0,3.0,3.0,3.0,0.0,0.36665740609169006,3.0,3.366656655073166,3.0
2060018101,3,3,0.0,0.0,0.0,0.0,0.0,0.0,0.0,0.0,0.0,0.0,0.0,0.0,0.0,0.06665725708007812,0.0,0.06665719747543336,0.0
2060018200,3,3,3.0,3.0,3.0,3.0,3.0,3.0,3.0,3.0,3.0,3.0,3.0,3.0,0.0,0.3666574120521546,3.0,3.3666566491127012,3.0
2060018300,3,3,3.0,3.0,3.0,3.0,3.0,3.0,3.0,3.0,3.0,3.0,3.0,3.0,0.0,0.3666574120521546,3.0,3.3666566491127012,3.0
2060018301,3,3,0.0,0.0,0.0,0.0,0.0,0.0,0.0,0.0,0.0,0.0,0.0,0.0,0.0,0.06665725708007812,0.0,0.06665719151496888,0.0
2060018400,3,3,3.0,3.0,3.0,3.0,3.0,3.0,3.0,3.0,3.0,3.0,3.0,3.0,0.0,0.3666574120521546,3.0,3.3666566491127012,3.0
2060018500,3,3,3.0,3.0,3.0,3.0,3.0,3.0,3.0,3.0,3.0,3.0,3.0,3.0,0.0,0.3666574120521546,3.0,3.3666566491127012,3.0
2060018600,3,3,3.0,3.0,3.0,3.0,3.0,3.0,3.0,3.0,3.0,3.0,3.0,3.0,0.0,0.3666574120521546,3.0,3.3666566491127012,3.0
2060018700,4,4,3.0,3.0,3.0,3.0,3.0,3.0,3.0,3.0,3.0,3.0,3.0,3.0,0.0,0.36665763854980477,3.0,3.366656643152237,3.0
2060018800,3,3,3.0,3.0,3.0,3.0,3.0,3.0,3.0,3.0,3.0,3.0,3.0,3.0,0.0,0.3666574120521546,3.0,3.3666566491127012,3.0
2060018900,4,4,4.0,4.0,4.0,4.0,4.0,4.0,4.0,4.0,4.0,4.0,4.0,4.0,4.0,4.466704660654068,4.0,4.466657197475433,4.0
2060018901,3,3,0.0,0.0,0.0,0.0,0.0,0.0,0.0,0.0,0.0,0.0,0.0,0.0,0.0,0.06665725708007812,0.0,0.06665719747543336,0.0
2060019000,3,3,3.0,3.0,3.0,3.0,3.0,3.0,3.0,3.0,3.0,3.0,3.0,3.0,0.0,0.3666574120521546,3.0,3.3666566491127012,3.0
2060019100,3,3,3.0,3.0,3.0,3.0,3.0,3.0,3.0,3.0,3.0,3.0,3.0,3.0,0.0,0.36665740609169006,3.0,3.366656655073166,3.0
2060019200,3,3,3.0,3.0,3.0,3.0,3.0,3.0,3.0,3.0,3.0,3.0,3.0,3.0,0.0,0.3666574120521546,3.0,3.3666566491127012,3.0
2060019300,3,3,3.0,3.0,3.0,3.0,3.0,3.0,3.0,3.0,3.0,3.0,3.0,3.0,0.0,0.3666574120521546,3.0,3.3666566491127012,3.0
2060019400,4,4,4.0,4.0,4.0,4.0,4.0,4.0,4.0,4.0,4.0,4.0,4.0,4.0,4.0,4.466709399223328,4.0,4.466657191514969,4.0
2060019500,4,4,4.0,4.0,4.0,4.0,4.0,4.0,4.0,4.0,4.0,4.0,4.0,4.0,4.0,4.466705721616745,4.0,4.466657197475433,4.0
2060019501,3,3,0.0,0.0,0.0,0.0,0.0,0.0,0.0,0.0,0.0,0.0,0.0,0.0,0.0,0.06665725708007812,0.0,0.06665719747543336,0.0
2060019600,4,4,4.0,4.0,4.0,4.0,4.0,4.0,4.0,4.0,4.0,4.0,4.0,4.0,4.0,4.466708481311798,4.0,4.466657191514969,4.0
2060019700,3,3,3.0,3.0,3.0,3.0,3.0,3.0,3.0,3.0,3.0,3.0,3.0,3.0,0.0,0.3666574120521546,3.0,3.3666566491127012,3.0
2060019800,4,4,4.0,4.0,4.0,4.0,4.0,4.0,4.0,4.0,4.0,4.0,4.0,4.0,4.0,4.466706097126007,4.0,4.466657197475433,4.0
2060019900,3,3,3.0,3.0,3.0,3.0,3.0,3.0,3.0,3.0,3.0,3.0,3.0,3.0,0.0,0.3666574120521546,3.0,3.3666566491127012,3.0
2060020000,4,4,4.0,4.0,4.0,4.0,4.0,4.0,4.0,4.0,4.0,4.0,4.0,4.0,4.0,4.466703331470489,4.0,4.466657197475433,4.0
2060020100,4,4,4.0,4.0,4.0,4.0,4.0,4.0,4.0,4.0,4.0,4.0,4.0,4.0,4.0,4.466706198453903,4.0,4.466657197475433,4.0
2060020200,3,3,3.0,3.0,3.0,3.0,3.0,3.0,3.0,3.0,3.0,3.0,3.0,3.0,0.0,0.3666574120521546,3.0,3.3666566491127012,3.0
2060020300,3,3,3.0,3.0,3.0,3.0,3.0,3.0,3.0,3.0,3.0,3.0,3.0,3.0,0.0,0.36665740609169006,3.0,3.3666566491127012,3.0
2060020400,4,4,4.0,4.0,4.0,4.0,4.0,4.0,4.0,4.0,4.0,4.0,4.0,4.0,4.0,4.466707730293274,4.0,4.466657191514969,4.0
2060020500,3,3,3.0,3.0,3.0,3.0,3.0,3.0,3.0,3.0,3.0,3.0,3.0,3.0,0.0,0.3666574120521546,3.0,3.3666566491127012,3.0
2060020600,3,3,3.0,3.0,3.0,3.0,3.0,3.0,3.0,3.0,3.0,3.0,3.0,3.0,0.0,0.3666574120521546,3.0,3.3666566491127012,3.0
2060020700,3,3,3.0,3.0,3.0,3.0,3.0,3.0,3.0,3.0,3.0,3.0,3.0,3.0,0.0,0.3666574120521546,3.0,3.3666566491127012,3.0
2060020800,3,3,3.0,3.0,3.0,3.0,3.0,3.0,3.0,3.0,3.0,3.0,3.0,3.0,0.0,0.36665741801261903,3.0,3.3666566491127012,3.0
2060020900,3,3,3.0,3.0,3.0,3.0,3.0,3.0,3.0,3.0,3.0,3.0,3.0,3.0,0.0,0.3666574120521546,3.0,3.3666566491127012,3.0
2060021000,3,3,3.0,3.0,3.0,3.0,3.0,3.0,3.0,3.0,3.0,3.0,2.0,2.0,0.0,0.3098376071757686,3.0,3.309837401124509,3.0
2060021100,4,4,4.0,4.0,4.0,4.0,4.0,4.0,4.0,4.0,4.0,4.0,4.0,4.0,4.0,4.46670583486557,4.0,4.466657197475433,4.0
2060021200,4,4,4.0,4.0,4.0,4.0,4.0,4.0,4.0,4.0,4.0,4.0,4.0,4.0,4.0,4.466703790426254,4.0,4.466657197475433,4.0
2060021300,3,3,3.0,3.0,3.0,3.0,3.0,3.0,3.0,3.0,3.0,3.0,3.0,3.0,0.0,0.3666574120521546,3.0,3.3666566491127012,3.0
2060021301,3,3,0.0,0.0,0.0,0.0,0.0,0.0,0.0,0.0,0.0,0.0,0.0,0.0,0.0,0.06665725708007812,0.0,0.06665719747543336,0.0
2060021400,3,3,3.0,3.0,3.0,3.0,3.0,3.0,3.0,3.0,3.0,3.0,3.0,3.0,0.0,0.36665740609169006,3.0,3.3666566491127012,3.0
2060021401,4,4,0.0,0.0,0.0,0.0,0.0,0.0,0.0,0.0,0.0,0.0,0.0,0.0,0.0,0.06665740609169006,0.0,0.06665719151496888,0.0
2060021500,3,3,3.0,3.0,3.0,3.0,3.0,3.0,3.0,3.0,3.0,3.0,3.0,3.0,0.0,0.36665740609169006,3.0,3.366656655073166,3.0
2060021600,3,3,3.0,3.0,3.0,3.0,3.0,3.0,3.0,3.0,3.0,3.0,3.0,3.0,0.0,0.3666574001312256,3.0,3.366656655073166,3.0
2060021700,4,4,4.0,4.0,4.0,4.0,4.0,4.0,4.0,4.0,4.0,4.0,4.0,4.0,4.0,4.466702234745026,4.0,4.466657197475433,4.0
2060021800,4,4,4.0,4.0,4.0,4.0,4.0,4.0,4.0,4.0,4.0,4.0,4.0,4.0,4.0,4.46670498251915,4.0,4.466657197475433,4.0
2060021801,3,3,0.0,0.0,0.0,0.0,0.0,0.0,0.0,0.0,0.0,0.0,0.0,0.0,0.0,0.06665725708007812,0.0,0.06665719151496888,0.0
2060021900,3,3,3.0,3.0,3.0,3.0,3.0,3.0,3.0,3.0,3.0,3.0,3.0,3.0,0.0,0.3666574120521546,3.0,3.3666566491127012,3.0
2060022000,3,3,3.0,3.0,3.0,3.0,3.0,3.0,3.0,3.0,3.0,3.0,3.0,3.0,0.0,0.3666574120521546,3.0,3.3666566491127012,3.0
2060022100,3,3,3.0,3.0,3.0,3.0,3.0,3.0,3.0,3.0,3.0,3.0,3.0,3.0,0.0,0.3666574120521546,3.0,3.3666566491127012,3.0
2060022200,3,3,3.0,3.0,3.0,3.0,3.0,3.0,3.0,3.0,3.0,3.0,3.0,3.0,0.0,0.3666574001312256,3.0,3.366656655073166,3.0
2060022300,3,3,3.0,3.0,3.0,3.0,3.0,3.0,3.0,3.0,3.0,3.0,3.0,3.0,0.0,0.3666574120521546,3.0,3.3666566491127012,3.0
2060022400,4,4,4.0,4.0,4.0,4.0,4.0,4.0,4.0,4.0,4.0,4.0,4.0,4.0,4.0,4.466704058647156,4.0,4.466657197475433,4.0
2060022500,3,3,3.0,3.0,3.0,3.0,3.0,3.0,3.0,3.0,3.0,3.0,3.0,3.0,0.0,0.3666574120521546,3.0,3.3666566491127012,3.0
2060022600,4,4,4.0,4.0,4.0,4.0,4.0,4.0,4.0,4.0,4.0,4.0,4.0,4.0,4.0,4.466704422235489,4.0,4.466657197475433,4.0
2060022601,4,4,0.0,0.0,0.0,0.0,0.0,0.0,0.0,0.0,0.0,0.0,0.0,0.0,0.0,0.06665740609169006,0.0,0.06665719151496888,0.0
2060022700,3,3,3.0,3.0,3.0,3.0,3.0,3.0,3.0,3.0,3.0,3.0,3.0,3.0,0.0,0.3666574239730835,3.0,3.366656643152237,3.0
2060022800,4,4,4.0,4.0,4.0,4.0,4.0,4.0,4.0,4.0,4.0,4.0,4.0,4.0,4.0,4.466703957319259,4.0,4.466657197475433,4.0
2060022900,4,4,4.0,4.0,4.0,4.0,4.0,4.0,4.0,4.0,4.0,4.0,4.0,4.0,4.0,4.466703933477402,4.0,4.466657197475433,4.0
2060023000,3,3,3.0,3.0,3.0,3.0,3.0,3.0,3.0,3.0,3.0,3.0,3.0,3.0,0.0,0.36665740609169006,3.0,3.3666566491127012,3.0
2060023100,4,4,3.0,3.0,3.0,3.0,3.0,3.0,3.0,3.0,3.0,3.0,3.0,3.0,0.0,0.3666576325893402,3.0,3.3666566491127012,3.0
2060023200,3,3,3.0,3.0,3.0,3.0,3.0,3.0,3.0,3.0,3.0,3.0,3.0,3.0,0.0,0.36665740609169006,3.0,3.366656655073166,3.0
2060023300,3,3,3.0,3.0,3.0,3.0,3.0,3.0,3.0,3.0,3.0,3.0,3.0,3.0,0.0,0.3666574001312256,3.0,3.366656655073166,3.0
2060023400,1,1,1.0,1.0,1.0,1.0,1.0,1.0,1.0,1.0,1.0,1.0,1.0,1.0,0.0,0.16665655970573423,0.0,0.16665747761726382,0.0
2060023500,3,3,3.0,3.0,3.0,3.0,3.0,3.0,3.0,3.0,3.0,3.0,3.0,3.0,0.0,0.3666574120521546,3.0,3.3666566491127012,3.0
2060023600,4,4,4.0,4.0,4.0,4.0,4.0,4.0,4.0,4.0,4.0,4.0,4.0,4.0,4.0,4.466707342863083,4.0,4.466657191514969,4.0
2060023601,3,3,0.0,0.0,0.0,0.0,0.0,0.0,0.0,0.0,0.0,0.0,0.0,0.0,0.0,0.06665725708007812,0.0,0.06665719747543336,0.0
2060023700,4,4,4.0,4.0,4.0,4.0,4.0,4.0,4.0,4.0,4.0,4.0,3.0,3.0,0.0,0.40983794247736327,4.0,4.409837783255936,4.0
2060023800,4,4,4.0,4.0,4.0,4.0,4.0,4.0,4.0,4.0,4.0,4.0,4.0,4.0,4.0,4.4667063593864444,4.0,4.466657197475433,4.0
2060023900,4,4,4.0,4.0,4.0,4.0,4.0,4.0,4.0,4.0,4.0,4.0,4.0,4.0,4.0,4.466703695058823,4.0,4.466657197475433,4.0
2060024000,3,3,3.0,3.0,3.0,3.0,3.0,3.0,3.0,3.0,3.0,3.0,3.0,3.0,0.0,0.3666574120521546,3.0,3.3666566491127012,3.0
2060024100,3,3,3.0,3.0,3.0,3.0,3.0,3.0,3.0,3.0,3.0,3.0,3.0,3.0,0.0,0.3666574120521546,3.0,3.3666566491127012,3.0
2060024200,3,3,3.0,3.0,3.0,3.0,3.0,3.0,3.0,3.0,3.0,3.0,3.0,3.0,0.0,0.3666574120521546,3.0,3.3666566491127012,3.0
2060024300,4,4,4.0,4.0,4.0,4.0,4.0,4.0,4.0,4.0,4.0,4.0,4.0,4.0,4.0,4.466709572076797,4.0,4.466657191514969,4.0
2060024400,4,4,4.0,4.0,4.0,4.0,4.0,4.0,4.0,4.0,4.0,4.0,4.0,4.0,4.0,4.46670708656311,4.0,4.466657197475433,4.0
2060024500,3,3,3.0,3.0,3.0,3.0,3.0,3.0,3.0,3.0,3.0,3.0,3.0,3.0,0.0,0.3666574120521546,3.0,3.3666566491127012,3.0
2060024501,3,3,0.0,0.0,0.0,0.0,0.0,0.0,0.0,0.0,0.0,0.0,0.0,0.0,0.0,0.06665725708007812,0.0,0.06665719747543336,0.0
2060024600,5,5,5.0,5.0,5.0,5.0,5.0,5.0,5.0,5.0,5.0,5.0,5.0,5.0,0.0,0.5666576981544496,0.0,0.5666588604450227,0.0
2060024700,4,4,4.0,4.0,4.0,4.0,4.0,4.0,4.0,4.0,4.0,4.0,4.0,4.0,4.0,4.4667109787464145,4.0,4.466657191514969,4.0
2060024701,3,3,0.0,0.0,0.0,0.0,0.0,0.0,0.0,0.0,0.0,0.0,0.0,0.0,0.0,0.06665725708007812,0.0,0.06665719151496888,0.0
2060024800,4,4,4.0,4.0,4.0,4.0,4.0,4.0,4.0,4.0,4.0,4.0,4.0,4.0,4.0,4.466705912351609,4.0,4.466657197475433,4.0
2060024900,3,3,3.0,3.0,3.0,3.0,3.0,3.0,3.0,3.0,3.0,3.0,3.0,3.0,0.0,0.36665740609169006,3.0,3.3666566491127012,3.0
2060025000,4,4,4.0,4.0,4.0,4.0,4.0,4.0,4.0,4.0,4.0,4.0,4.0,4.0,4.0,4.466706168651581,4.0,4.466657197475433,4.0
2060025100,3,3,3.0,3.0,3.0,3.0,3.0,3.0,3.0,3.0,3.0,3.0,3.0,3.0,0.0,0.36665741801261903,3.0,3.3666566491127012,3.0
2060025200,3,3,3.0,3.0,3.0,3.0,3.0,3.0,3.0,3.0,3.0,3.0,3.0,3.0,0.0,0.3666574120521546,3.0,3.3666566491127012,3.0
2060025300,3,3,3.0,3.0,3.0,3.0,3.0,3.0,3.0,3.0,3.0,3.0,3.0,3.0,0.0,0.3666574120521546,3.0,3.3666566491127012,3.0
2060025400,3,3,3.0,3.0,3.0,3.0,3.0,3.0,3.0,3.0,3.0,3.0,3.0,3.0,0.0,0.36665741801261903,3.0,3.366656643152237,3.0
2060025500,4,4,3.0,3.0,3.0,3.0,3.0,3.0,3.0,3.0,3.0,3.0,3.0,3.0,0.0,0.3666576266288757,3.0,3.366656655073166,3.0
2060025600,3,3,3.0,3.0,3.0,3.0,3.0,3.0,3.0,3.0,3.0,3.0,3.0,3.0,0.0,0.3666574120521546,3.0,3.3666566491127012,3.0
2060025700,2,2,2.0,2.0,2.0,2.0,2.0,2.0,2.0,2.0,2.0,2.0,2.0,2.0,0.0,0.26665707826614377,0.0,0.2666576385498047,2.0
2060025800,3,3,3.0,3.0,3.0,3.0,3.0,3.0,3.0,3.0,3.0,3.0,3.0,3.0,0.0,0.3666574120521546,3.0,3.3666566491127012,3.0
2060025900,3,3,3.0,3.0,3.0,3.0,3.0,3.0,3.0,3.0,3.0,3.0,3.0,3.0,0.0,0.3666574120521546,3.0,3.3666566491127012,3.0
2060026000,4,4,4.0,4.0,4.0,4.0,4.0,4.0,4.0,4.0,4.0,4.0,4.0,4.0,4.0,4.4667048275470735,4.0,4.466657197475433,4.0
2060026100,4,4,4.0,4.0,4.0,4.0,4.0,4.0,4.0,4.0,4.0,4.0,4.0,4.0,4.0,4.466706907749176,4.0,4.466657191514969,4.0
2060026200,2,2,2.0,2.0,2.0,2.0,2.0,2.0,2.0,2.0,2.0,2.0,2.0,2.0,0.0,0.2666570723056793,0.0,0.2666576385498047,2.0
2060026300,4,4,4.0,4.0,4.0,4.0,4.0,4.0,4.0,4.0,4.0,4.0,4.0,4.0,4.0,4.466706651449203,4.0,4.466657197475433,4.0
2060026400,4,4,4.0,4.0,4.0,4.0,4.0,4.0,4.0,4.0,4.0,4.0,4.0,4.0,4.0,4.46670748591423,4.0,4.466657197475433,4.0
2060026500,2,2,2.0,2.0,2.0,2.0,2.0,2.0,2.0,2.0,2.0,2.0,3.0,3.0,0.0,0.2320596252199248,0.0,0.23207757041142402,2.0
2060026600,3,3,3.0,3.0,3.0,3.0,3.0,3.0,3.0,3.0,3.0,3.0,3.0,3.0,0.0,0.3666574120521546,3.0,3.3666566491127012,3.0
2060026700,3,3,3.0,3.0,3.0,3.0,3.0,3.0,3.0,3.0,3.0,3.0,3.0,3.0,0.0,0.3666574120521546,3.0,3.3666566491127012,3.0
2060026800,4,4,4.0,4.0,4.0,4.0,4.0,4.0,4.0,4.0,4.0,4.0,4.0,4.0,4.0,4.4667077422142025,4.0,4.466657197475433,4.0
2060026900,3,3,3.0,3.0,3.0,3.0,3.0,3.0,3.0,3.0,3.0,3.0,3.0,3.0,0.0,0.3666574120521546,3.0,3.3666566491127012,3.0
2060027000,2,2,2.0,2.0,2.0,2.0,2.0,2.0,2.0,2.0,2.0,2.0,2.0,2.0,0.0,0.26665707826614377,0.0,0.2666576385498047,2.0
2060027100,3,3,3.0,3.0,3.0,3.0,3.0,3.0,3.0,3.0,3.0,3.0,3.0,3.0,0.0,0.36665740609169006,3.0,3.366656655073166,3.0
2060027200,2,2,2.0,2.0,2.0,2.0,2.0,2.0,2.0,2.0,2.0,2.0,2.0,2.0,0.0,0.2666570842266083,0.0,0.2666576325893402,2.0
2060027201,3,3,0.0,0.0,0.0,0.0,0.0,0.0,0.0,0.0,0.0,0.0,0.0,0.0,0.0,0.06665725708007812,0.0,0.06665719747543336,0.0
2060027300,3,3,3.0,3.0,3.0,3.0,3.0,3.0,3.0,3.0,3.0,3.0,3.0,3.0,0.0,0.3666574120521546,3.0,3.3666566491127012,3.0
2060027400,4,4,4.0,4.0,4.0,4.0,4.0,4.0,4.0,4.0,4.0,4.0,4.0,4.0,4.0,4.466705697774887,4.0,4.466657197475433,4.0
2060027500,3,3,3.0,3.0,3.0,3.0,3.0,3.0,3.0,3.0,3.0,3.0,3.0,3.0,0.0,0.3666574120521546,3.0,3.3666566491127012,3.0
2060027600,4,4,4.0,4.0,4.0,4.0,4.0,4.0,4.0,4.0,4.0,4.0,4.0,4.0,4.0,4.466706472635269,4.0,4.466657197475433,4.0
2060027700,2,2,2.0,2.0,2.0,2.0,2.0,2.0,2.0,2.0,2.0,2.0,2.0,2.0,0.0,0.26665707826614377,0.0,0.2666576385498047,2.0
2060027900,2,2,2.0,2.0,2.0,2.0,2.0,2.0,2.0,2.0,2.0,2.0,2.0,2.0,0.0,0.2666570842266083,0.0,0.2666576325893402,2.0
2060028000,2,2,2.0,2.0,2.0,2.0,2.0,2.0,2.0,2.0,2.0,2.0,2.0,2.0,0.0,0.2666570663452149,0.0,0.2666576385498047,2.0
2060028100,3,3,3.0,3.0,3.0,3.0,3.0,3.0,3.0,3.0,3.0,3.0,3.0,3.0,0.0,0.3666574120521546,3.0,3.3666566491127012,3.0
2060028200,2,2,2.0,2.0,2.0,2.0,2.0,2.0,2.0,2.0,2.0,2.0,2.0,2.0,0.0,0.2666570723056793,0.0,0.2666576385498047,2.0
2060028300,3,3,3.0,3.0,3.0,3.0,3.0,3.0,3.0,3.0,3.0,3.0,3.0,3.0,0.0,0.3666574120521546,3.0,3.3666566491127012,3.0
2060028400,3,3,3.0,3.0,3.0,3.0,3.0,3.0,3.0,3.0,3.0,3.0,3.0,3.0,0.0,0.3666574120521546,3.0,3.3666566491127012,3.0
2060028500,4,4,4.0,4.0,4.0,4.0,4.0,4.0,4.0,4.0,4.0,4.0,4.0,4.0,4.0,4.4667059779167175,4.0,4.466657197475433,4.0
2060028600,3,3,3.0,3.0,3.0,3.0,3.0,3.0,3.0,3.0,3.0,3.0,2.0,2.0,0.0,0.30983761279534844,3.0,3.309837406744089,3.0
2060028700,3,3,3.0,3.0,3.0,3.0,3.0,3.0,3.0,3.0,3.0,3.0,2.0,2.0,0.0,0.30983760904896185,3.0,3.3098374029977027,3.0
2060028800,3,3,3.0,3.0,3.0,3.0,3.0,3.0,3.0,3.0,3.0,3.0,3.0,3.0,0.0,0.3666574120521546,3.0,3.3666566491127012,3.0
2060028900,4,4,4.0,4.0,4.0,4.0,4.0,4.0,4.0,4.0,4.0,4.0,4.0,4.0,4.0,4.466707921028137,4.0,4.466657191514969,4.0
2060029000,3,3,3.0,3.0,3.0,3.0,3.0,3.0,3.0,3.0,3.0,3.0,3.0,3.0,0.0,0.3666574120521546,3.0,3.3666566491127012,3.0
2060029200,3,3,3.0,3.0,3.0,3.0,3.0,3.0,3.0,3.0,3.0,3.0,3.0,3.0,0.0,0.3666574120521546,3.0,3.3666566491127012,3.0
2060029300,3,3,3.0,3.0,3.0,3.0,3.0,3.0,3.0,3.0,3.0,3.0,3.0,3.0,0.0,0.3666574120521546,3.0,3.3666566491127012,3.0
2060029400,3,3,3.0,3.0,3.0,3.0,3.0,3.0,3.0,3.0,3.0,3.0,2.0,2.0,0.0,0.30983761092215517,3.0,3.3098374029977027,3.0
2060029500,3,3,3.0,3.0,3.0,3.0,3.0,3.0,3.0,3.0,3.0,3.0,2.0,2.0,0.0,0.30983761092215517,3.0,3.309837404870896,3.0
2060029600,2,2,2.0,2.0,2.0,2.0,2.0,2.0,2.0,2.0,2.0,2.0,2.0,2.0,0.0,0.2666570723056793,0.0,0.2666576385498047,2.0
2060029700,3,3,3.0,3.0,3.0,3.0,3.0,3.0,3.0,3.0,3.0,3.0,3.0,3.0,0.0,0.36665740609169006,3.0,3.366656655073166,3.0
2060029800,4,4,4.0,4.0,4.0,4.0,4.0,4.0,4.0,4.0,4.0,4.0,4.0,4.0,4.0,4.466707926988602,4.0,4.466657191514969,4.0
2060029900,4,4,4.0,4.0,4.0,4.0,4.0,4.0,4.0,4.0,4.0,4.0,4.0,4.0,4.0,4.466707193851471,4.0,4.466657197475433,4.0
2060030000,4,4,4.0,4.0,4.0,4.0,4.0,4.0,4.0,4.0,4.0,4.0,4.0,4.0,4.0,4.4667029738426205,4.0,4.466657197475433,4.0
2060030100,4,4,4.0,4.0,4.0,4.0,4.0,4.0,4.0,4.0,4.0,4.0,4.0,4.0,4.0,4.46670663356781,4.0,4.466657197475433,4.0
2060030200,1,1,1.0,1.0,1.0,1.0,1.0,1.0,1.0,1.0,1.0,1.0,1.0,1.0,0.0,0.16665657162666322,0.0,0.16665748357772828,0.0
2060030300,3,3,3.0,3.0,3.0,3.0,3.0,3.0,3.0,3.0,3.0,3.0,3.0,3.0,0.0,0.36665740609169006,3.0,3.3666566491127012,3.0
2060030400,1,1,1.0,1.0,1.0,1.0,1.0,1.0,1.0,1.0,1.0,1.0,1.0,1.0,0.0,0.16665656566619874,0.0,0.16665747761726382,0.0
2060030500,4,4,4.0,4.0,4.0,4.0,4.0,4.0,4.0,4.0,4.0,4.0,4.0,4.0,4.0,4.466706669330597,4.0,4.466657197475433,4.0
2060030600,4,4,4.0,4.0,4.0,4.0,4.0,4.0,4.0,4.0,4.0,4.0,4.0,4.0,4.0,4.466706252098083,4.0,4.466657197475433,4.0
2060030700,3,3,3.0,3.0,3.0,3.0,3.0,3.0,3.0,3.0,3.0,3.0,3.0,3.0,0.0,0.36665740609169006,3.0,3.3666566491127012,3.0
2060030800,3,3,3.0,3.0,3.0,3.0,3.0,3.0,3.0,3.0,3.0,3.0,3.0,3.0,0.0,0.36665741801261903,3.0,3.3666566491127012,3.0
2060030900,3,3,3.0,3.0,3.0,3.0,3.0,3.0,3.0,3.0,3.0,3.0,3.0,3.0,0.0,0.3666574120521546,3.0,3.3666566491127012,3.0
2060031000,3,3,3.0,3.0,3.0,3.0,3.0,3.0,3.0,3.0,3.0,3.0,3.0,3.0,0.0,0.3666574120521546,3.0,3.3666566491127012,3.0
2060031100,3,3,3.0,3.0,3.0,3.0,3.0,3.0,3.0,3.0,3.0,3.0,3.0,3.0,0.0,0.3666574120521546,3.0,3.3666566491127012,3.0
2060031200,4,4,4.0,4.0,4.0,4.0,4.0,4.0,4.0,4.0,4.0,4.0,4.0,4.0,4.0,4.466708850860596,4.0,4.466657191514969,4.0
2060031300,2,2,2.0,2.0,2.0,2.0,2.0,2.0,2.0,2.0,2.0,2.0,2.0,2.0,0.0,0.2666570663452149,0.0,0.26665764451026924,2.0
2060031400,4,4,4.0,4.0,4.0,4.0,4.0,4.0,4.0,4.0,4.0,4.0,4.0,4.0,4.0,4.466706055402756,4.0,4.466657197475433,4.0
2060031500,3,3,3.0,3.0,3.0,3.0,3.0,3.0,3.0,3.0,3.0,3.0,3.0,3.0,0.0,0.3666574120521546,3.0,3.3666566491127012,3.0
2060031600,4,4,4.0,4.0,4.0,4.0,4.0,4.0,4.0,4.0,4.0,4.0,4.0,4.0,4.0,4.466705948114395,4.0,4.466657197475433,4.0
2060031700,3,3,3.0,3.0,3.0,3.0,3.0,3.0,3.0,3.0,3.0,3.0,3.0,3.0,0.0,0.36665740609169006,3.0,3.3666566491127012,3.0
2060031800,2,2,2.0,2.0,2.0,2.0,2.0,2.0,2.0,2.0,2.0,2.0,2.0,2.0,0.0,0.2666570842266083,0.0,0.2666576325893402,2.0
2060031900,4,4,4.0,4.0,4.0,4.0,4.0,4.0,4.0,4.0,4.0,4.0,4.0,4.0,4.0,4.466705256700516,4.0,4.466657197475433,4.0
2060032000,3,3,3.0,3.0,3.0,3.0,3.0,3.0,3.0,3.0,3.0,3.0,3.0,3.0,0.0,0.36665741801261903,3.0,3.3666566491127012,3.0
2060032100,3,3,3.0,3.0,3.0,3.0,3.0,3.0,3.0,3.0,3.0,3.0,3.0,3.0,0.0,0.3666574120521546,3.0,3.3666566491127012,3.0
2060032200,2,2,2.0,2.0,2.0,2.0,2.0,2.0,2.0,2.0,2.0,2.0,2.0,2.0,0.0,0.2666570723056793,0.0,0.2666576385498047,2.0
2060032300,3,3,3.0,3.0,3.0,3.0,3.0,3.0,3.0,3.0,3.0,3.0,3.0,3.0,0.0,0.3666574120521546,3.0,3.3666566491127012,3.0
2060032400,3,3,3.0,3.0,3.0,3.0,3.0,3.0,3.0,3.0,3.0,3.0,3.0,3.0,0.0,0.3666574120521546,3.0,3.3666566491127012,3.0
2060032500,2,2,2.0,2.0,2.0,2.0,2.0,2.0,2.0,2.0,2.0,2.0,2.0,2.0,0.0,0.2666570723056793,0.0,0.2666576385498047,2.0
2060032600,4,4,4.0,4.0,4.0,4.0,4.0,4.0,4.0,4.0,4.0,4.0,4.0,4.0,4.0,4.46670760512352,4.0,4.466657197475433,4.0
2060032700,3,3,3.0,3.0,3.0,3.0,3.0,3.0,3.0,3.0,3.0,3.0,3.0,3.0,0.0,0.36665740609169006,3.0,3.3666566491127012,3.0
2060032900,3,3,3.0,3.0,3.0,3.0,3.0,3.0,3.0,3.0,3.0,3.0,3.0,3.0,0.0,0.36665740609169006,3.0,3.3666566491127012,3.0
2060033200,4,4,4.0,4.0,4.0,4.0,4.0,4.0,4.0,4.0,4.0,4.0,4.0,4.0,4.0,4.466703277826309,4.0,4.466657197475433,4.0
2060033400,4,4,4.0,4.0,4.0,4.0,4.0,4.0,4.0,4.0,4.0,4.0,4.0,4.0,4.0,4.466707772016525,4.0,4.466657197475433,4.0
2060033600,2,2,2.0,2.0,2.0,2.0,2.0,2.0,2.0,2.0,2.0,2.0,2.0,2.0,0.0,0.2666570842266083,0.0,0.2666576325893402,2.0
2060033800,4,4,4.0,4.0,4.0,4.0,4.0,4.0,4.0,4.0,4.0,4.0,4.0,4.0,4.0,4.466703724861145,4.0,4.466657197475433,4.0
2060033900,3,3,3.0,3.0,3.0,3.0,3.0,3.0,3.0,3.0,3.0,3.0,2.0,2.0,0.0,0.30983761092215517,3.0,3.309837404870896,3.0
2060034000,2,2,2.0,2.0,2.0,2.0,2.0,2.0,2.0,2.0,2.0,2.0,2.0,2.0,0.0,0.26665707826614377,0.0,0.2666576385498047,2.0
2060034100,3,3,3.0,3.0,3.0,3.0,3.0,3.0,3.0,3.0,3.0,3.0,3.0,3.0,0.0,0.3666574120521546,3.0,3.3666566491127012,3.0
2060034200,3,3,3.0,3.0,3.0,3.0,3.0,3.0,3.0,3.0,3.0,3.0,2.0,2.0,0.0,0.30983760904896185,3.0,3.3098374029977027,3.0
2060034300,2,2,2.0,2.0,2.0,2.0,2.0,2.0,2.0,2.0,2.0,2.0,2.0,2.0,0.0,0.26665707826614377,0.0,0.2666576385498047,2.0
2060034400,3,3,3.0,3.0,3.0,3.0,3.0,3.0,3.0,3.0,3.0,3.0,3.0,3.0,0.0,0.3666574120521546,3.0,3.3666566491127012,3.0
2060034500,4,4,4.0,3.0,3.0,3.0,3.0,3.0,3.0,3.0,3.0,3.0,3.0,3.0,0.0,0.3666576266288757,3.0,3.3666566491127012,3.0
2060034501,3,3,0.0,0.0,0.0,0.0,0.0,0.0,0.0,0.0,0.0,0.0,0.0,0.0,0.0,0.06665725708007812,0.0,0.06665719747543336,0.0
2060034600,4,4,4.0,4.0,4.0,4.0,4.0,4.0,4.0,4.0,4.0,4.0,3.0,3.0,0.0,0.40983794247736327,4.0,4.409837783255936,4.0
2060034700,2,2,2.0,2.0,2.0,2.0,2.0,2.0,2.0,2.0,2.0,2.0,2.0,2.0,0.0,0.2666570901870728,0.0,0.2666576325893402,2.0
2060034800,3,3,3.0,3.0,3.0,3.0,3.0,3.0,3.0,3.0,3.0,3.0,3.0,3.0,0.0,0.36665740609169006,3.0,3.366656655073166,3.0
2060034900,3,3,3.0,3.0,3.0,3.0,3.0,3.0,3.0,3.0,3.0,3.0,3.0,3.0,0.0,0.36665740609169006,3.0,3.3666566491127012,3.0
2060035000,4,4,4.0,4.0,4.0,4.0,4.0,4.0,4.0,4.0,4.0,4.0,4.0,4.0,4.0,4.4667052865028385,4.0,4.466657197475433,4.0
2060035001,3,3,0.0,0.0,0.0,0.0,0.0,0.0,0.0,0.0,0.0,0.0,0.0,0.0,0.0,0.06665725708007812,0.0,0.06665719747543336,0.0
2060035100,4,4,4.0,4.0,4.0,4.0,4.0,4.0,4.0,4.0,4.0,4.0,3.0,3.0,0.0,0.4098379349845904,4.0,4.409837777636356,4.0
2060035200,3,3,3.0,3.0,3.0,3.0,3.0,3.0,3.0,3.0,3.0,3.0,3.0,3.0,0.0,0.36665740609169006,3.0,3.3666566491127012,3.0
2060035300,4,4,4.0,4.0,4.0,4.0,4.0,4.0,4.0,4.0,4.0,4.0,4.0,4.0,4.0,4.466705703735352,4.0,4.466657197475433,4.0
2060035400,3,3,3.0,3.0,3.0,3.0,3.0,3.0,3.0,3.0,3.0,3.0,3.0,3.0,0.0,0.3666574120521546,3.0,3.3666566491127012,3.0
2060035500,4,4,4.0,4.0,4.0,4.0,4.0,4.0,4.0,4.0,3.0,3.0,3.0,3.0,0.0,0.3980897103795073,4.0,4.398089097845309,4.0
2060035501,3,3,0.0,0.0,0.0,0.0,0.0,0.0,0.0,0.0,0.0,0.0,0.0,0.0,0.0,0.06665725708007812,0.0,0.06665719151496888,0.0
2060035600,4,4,4.0,4.0,4.0,4.0,4.0,4.0,4.0,4.0,4.0,4.0,4.0,4.0,4.0,4.46670371890068,4.0,4.466657197475433,4.0
2060035700,3,3,3.0,3.0,3.0,3.0,3.0,3.0,3.0,3.0,3.0,3.0,3.0,3.0,0.0,0.36665740609169006,3.0,3.3666566491127012,3.0
2060035800,3,3,3.0,3.0,3.0,3.0,3.0,3.0,3.0,3.0,3.0,3.0,3.0,3.0,0.0,0.36665740609169006,3.0,3.366656655073166,3.0
2060035900,3,3,3.0,3.0,3.0,3.0,3.0,3.0,3.0,3.0,3.0,3.0,3.0,3.0,0.0,0.36665741801261903,3.0,3.3666566491127012,3.0
2060036000,4,4,4.0,4.0,4.0,4.0,4.0,4.0,4.0,4.0,4.0,4.0,4.0,4.0,4.0,4.466705030202865,4.0,4.466657197475433,4.0
2060036100,3,3,3.0,3.0,3.0,3.0,3.0,3.0,3.0,3.0,3.0,3.0,3.0,3.0,0.0,0.3666574120521546,3.0,3.3666566491127012,3.0
2060036200,3,3,3.0,3.0,3.0,3.0,3.0,3.0,3.0,3.0,3.0,3.0,3.0,3.0,0.0,0.3666574120521546,3.0,3.3666566491127012,3.0
2060036300,3,3,3.0,3.0,3.0,3.0,3.0,3.0,3.0,3.0,3.0,3.0,3.0,3.0,0.0,0.3666574120521546,3.0,3.3666566491127012,3.0
2060036400,3,3,3.0,3.0,3.0,3.0,3.0,3.0,3.0,3.0,3.0,3.0,3.0,3.0,0.0,0.3666574120521546,3.0,3.3666566491127012,3.0
2060036500,4,4,4.0,4.0,4.0,4.0,4.0,4.0,4.0,4.0,4.0,4.0,4.0,4.0,4.0,4.466707068681717,4.0,4.466657197475433,4.0
2060036600,4,4,4.0,4.0,4.0,4.0,4.0,4.0,4.0,4.0,4.0,4.0,4.0,4.0,4.0,4.466707682609558,4.0,4.466657191514969,4.0
2060036700,2,2,2.0,2.0,2.0,2.0,2.0,2.0,2.0,2.0,2.0,2.0,2.0,2.0,0.0,0.2666570723056793,0.0,0.2666576385498047,2.0
2060036800,1,1,1.0,1.0,1.0,1.0,1.0,1.0,1.0,1.0,1.0,1.0,1.0,1.0,0.0,0.16665656566619874,0.0,0.16665747761726382,0.0
2060036900,3,3,3.0,3.0,3.0,3.0,3.0,3.0,3.0,3.0,3.0,3.0,3.0,3.0,0.0,0.36665740609169006,3.0,3.366656655073166,3.0
2060037000,4,4,4.0,4.0,4.0,4.0,4.0,4.0,4.0,4.0,4.0,4.0,4.0,4.0,4.0,4.466705858707428,4.0,4.466657197475433,4.0
2060037100,3,3,3.0,3.0,3.0,3.0,3.0,3.0,3.0,3.0,3.0,3.0,3.0,3.0,0.0,0.3666574120521546,3.0,3.3666566491127012,3.0
2060037200,3,3,3.0,3.0,3.0,3.0,3.0,3.0,3.0,3.0,3.0,3.0,3.0,3.0,0.0,0.36665741801261903,3.0,3.366656643152237,3.0
2060037300,4,4,4.0,4.0,4.0,4.0,4.0,4.0,4.0,4.0,4.0,4.0,4.0,4.0,4.0,4.466704142093659,4.0,4.466657197475433,4.0
2060037400,3,3,3.0,3.0,3.0,3.0,3.0,3.0,3.0,3.0,3.0,3.0,3.0,3.0,0.0,0.3666574120521546,3.0,3.3666566491127012,3.0
2060037500,2,2,2.0,2.0,2.0,2.0,2.0,2.0,2.0,2.0,2.0,2.0,2.0,2.0,0.0,0.26665707826614377,0.0,0.2666576385498047,2.0
2060037600,4,4,4.0,4.0,4.0,4.0,4.0,4.0,4.0,4.0,4.0,4.0,4.0,4.0,4.0,4.466703546047211,4.0,4.466657197475433,4.0
2060037700,3,3,3.0,3.0,3.0,3.0,3.0,3.0,3.0,3.0,3.0,3.0,3.0,3.0,0.0,0.3666574120521546,3.0,3.3666566491127012,3.0
2060037800,4,4,4.0,4.0,4.0,4.0,4.0,4.0,4.0,4.0,3.0,3.0,3.0,3.0,0.0,0.3980897131892973,4.0,4.398089097845309,4.0
2060037900,4,4,4.0,4.0,4.0,4.0,4.0,4.0,4.0,4.0,4.0,4.0,4.0,4.0,4.0,4.466707247495651,4.0,4.466657197475433,4.0
2060038000,3,3,3.0,3.0,3.0,3.0,3.0,3.0,3.0,3.0,3.0,3.0,3.0,3.0,0.0,0.3666574120521546,3.0,3.3666566491127012,3.0
2060038100,3,3,3.0,3.0,3.0,3.0,3.0,3.0,3.0,3.0,3.0,3.0,3.0,3.0,0.0,0.3666574120521546,3.0,3.3666566491127012,3.0
2060038200,4,4,4.0,4.0,4.0,4.0,4.0,4.0,4.0,4.0,4.0,4.0,4.0,4.0,4.0,4.466704219579697,4.0,4.466657197475433,4.0
2060038300,4,4,4.0,4.0,4.0,4.0,4.0,4.0,4.0,4.0,4.0,4.0,4.0,4.0,4.0,4.466704893112182,4.0,4.466657197475433,4.0
2060038400,4,4,4.0,4.0,4.0,4.0,4.0,4.0,4.0,4.0,4.0,4.0,4.0,4.0,4.0,4.466705501079559,4.0,4.466657197475433,4.0
2060038500,3,3,3.0,3.0,3.0,3.0,3.0,3.0,3.0,3.0,3.0,3.0,3.0,3.0,0.0,0.3666574120521546,3.0,3.3666566491127012,3.0
2060038600,3,3,3.0,3.0,3.0,3.0,3.0,3.0,3.0,3.0,3.0,3.0,3.0,3.0,0.0,0.3666574120521546,3.0,3.3666566491127012,3.0
2060038700,3,3,3.0,3.0,3.0,3.0,3.0,3.0,3.0,3.0,3.0,3.0,3.0,3.0,0.0,0.3666574120521546,3.0,3.3666566491127012,3.0
2060038800,3,3,3.0,3.0,3.0,3.0,3.0,3.0,3.0,3.0,3.0,3.0,3.0,3.0,0.0,0.3666574120521546,3.0,3.3666566491127012,3.0
2060038900,3,3,3.0,3.0,3.0,3.0,3.0,3.0,3.0,3.0,3.0,3.0,3.0,3.0,0.0,0.3666574120521546,3.0,3.3666566491127012,3.0
2060039000,3,3,3.0,3.0,3.0,3.0,3.0,3.0,3.0,3.0,3.0,3.0,3.0,3.0,0.0,0.36665740609169006,3.0,3.366656655073166,3.0
2060039100,1,1,1.0,1.0,1.0,1.0,1.0,1.0,1.0,1.0,1.0,1.0,1.0,1.0,0.0,0.16665656566619874,0.0,0.16665747761726382,0.0
2060039200,1,1,1.0,1.0,1.0,1.0,1.0,1.0,1.0,1.0,1.0,1.0,1.0,1.0,0.0,0.16665657162666322,0.0,0.16665748357772828,0.0
2060039300,4,4,4.0,4.0,4.0,4.0,4.0,4.0,4.0,4.0,4.0,4.0,4.0,4.0,4.0,4.466705149412155,4.0,4.466657197475433,4.0
2060039400,3,3,3.0,3.0,3.0,3.0,3.0,3.0,3.0,3.0,3.0,3.0,3.0,3.0,0.0,0.3666574120521546,3.0,3.3666566491127012,3.0
2060039500,3,3,3.0,3.0,3.0,3.0,3.0,3.0,3.0,3.0,3.0,3.0,3.0,3.0,0.0,0.3666574001312256,3.0,3.366656655073166,3.0
2060039600,1,1,1.0,1.0,1.0,1.0,1.0,1.0,1.0,1.0,1.0,1.0,1.0,1.0,0.0,0.16665657162666322,0.0,0.16665748357772828,0.0
2060039700,3,3,3.0,3.0,3.0,3.0,3.0,3.0,3.0,3.0,3.0,3.0,3.0,3.0,0.0,0.36665740609169006,3.0,3.3666566491127012,3.0
2060039800,1,1,1.0,1.0,1.0,1.0,1.0,1.0,1.0,1.0,1.0,1.0,1.0,1.0,0.0,0.1666565775871277,0.0,0.16665748357772828,0.0
2060039900,1,1,1.0,1.0,1.0,1.0,1.0,1.0,1.0,1.0,1.0,1.0,1.0,1.0,0.0,0.16665658354759216,0.0,0.16665748357772828,0.0
2060040000,3,3,3.0,3.0,3.0,3.0,3.0,3.0,3.0,3.0,3.0,3.0,3.0,3.0,0.0,0.36665740609169006,3.0,3.3666566491127012,3.0
2060040100,1,1,1.0,1.0,1.0,1.0,1.0,1.0,1.0,1.0,1.0,1.0,1.0,1.0,0.0,0.16665655374526978,0.0,0.16665747761726382,0.0
2060040200,3,3,3.0,3.0,3.0,3.0,3.0,3.0,3.0,3.0,3.0,3.0,3.0,3.0,0.0,0.36665740609169006,3.0,3.3666566491127012,3.0
2060040400,3,3,3.0,3.0,3.0,3.0,3.0,3.0,3.0,3.0,3.0,3.0,3.0,3.0,0.0,0.3666574120521546,3.0,3.3666566491127012,3.0
2060040500,3,3,3.0,3.0,3.0,3.0,3.0,3.0,3.0,3.0,3.0,3.0,3.0,3.0,0.0,0.3666574120521546,3.0,3.3666566491127012,3.0
2060040600,3,3,3.0,3.0,3.0,3.0,3.0,3.0,3.0,3.0,3.0,3.0,3.0,3.0,0.0,0.3666574120521546,3.0,3.3666566491127012,3.0
2060040700,3,3,3.0,3.0,3.0,3.0,3.0,3.0,3.0,3.0,3.0,3.0,3.0,3.0,0.0,0.36665740609169006,3.0,3.366656655073166,3.0
2060040800,3,3,3.0,3.0,3.0,3.0,3.0,3.0,3.0,3.0,3.0,3.0,3.0,3.0,0.0,0.36665741801261903,3.0,3.366656643152237,3.0
2060041000,3,3,3.0,3.0,3.0,3.0,3.0,3.0,3.0,3.0,3.0,3.0,3.0,3.0,0.0,0.36665740609169006,3.0,3.366656655073166,3.0
2060041100,3,3,3.0,3.0,3.0,3.0,3.0,3.0,3.0,3.0,3.0,3.0,3.0,3.0,0.0,0.36665741801261903,3.0,3.3666566491127012,3.0
2060041200,1,1,1.0,1.0,1.0,1.0,1.0,1.0,1.0,1.0,1.0,1.0,1.0,1.0,0.0,0.16665657162666322,0.0,0.16665748357772828,0.0
2060041300,4,4,4.0,4.0,4.0,4.0,4.0,4.0,4.0,4.0,4.0,4.0,4.0,4.0,4.0,4.466708421707153,4.0,4.466657191514969,4.0
2060041301,3,3,0.0,0.0,0.0,0.0,0.0,0.0,0.0,0.0,0.0,0.0,0.0,0.0,0.0,0.06665725708007812,0.0,0.06665719747543336,0.0
2060041400,4,4,4.0,4.0,4.0,4.0,4.0,4.0,4.0,4.0,4.0,4.0,4.0,4.0,4.0,4.4667038202285765,4.0,4.466657197475433,4.0
2060041500,3,3,3.0,3.0,3.0,3.0,3.0,3.0,3.0,3.0,3.0,3.0,3.0,3.0,0.0,0.3666574120521546,3.0,3.3666566491127012,3.0
2060041600,4,4,4.0,4.0,4.0,4.0,4.0,4.0,4.0,4.0,4.0,4.0,4.0,4.0,4.0,4.466709786653519,4.0,4.466657191514969,4.0
2060041700,3,3,3.0,3.0,3.0,3.0,3.0,3.0,3.0,3.0,3.0,3.0,3.0,3.0,0.0,0.3666574120521546,3.0,3.3666566491127012,3.0
2060041800,2,2,2.0,2.0,2.0,2.0,2.0,2.0,2.0,2.0,2.0,2.0,2.0,2.0,0.0,0.2666570723056793,0.0,0.2666576385498047,2.0
2060041900,2,2,2.0,2.0,2.0,2.0,2.0,2.0,2.0,2.0,2.0,2.0,2.0,2.0,0.0,0.2666570901870728,0.0,0.2666576325893402,2.0
2060042000,3,3,3.0,3.0,3.0,3.0,3.0,3.0,3.0,3.0,3.0,3.0,3.0,3.0,0.0,0.36665740609169006,3.0,3.3666566491127012,3.0
2060042100,4,4,4.0,4.0,4.0,4.0,4.0,4.0,4.0,4.0,4.0,4.0,4.0,4.0,4.0,4.466709274053573,4.0,4.466657191514969,4.0
2060042200,3,3,3.0,3.0,3.0,3.0,3.0,3.0,3.0,3.0,3.0,3.0,3.0,3.0,0.0,0.36665740609169006,3.0,3.3666566491127012,3.0
2060042300,4,4,4.0,4.0,4.0,4.0,4.0,4.0,4.0,4.0,4.0,4.0,4.0,4.0,4.0,4.466705882549286,4.0,4.466657197475433,4.0
2060042400,4,4,4.0,4.0,4.0,4.0,4.0,4.0,4.0,4.0,4.0,4.0,4.0,4.0,4.0,4.466707414388656,4.0,4.466657191514969,4.0
2060042500,3,3,3.0,3.0,3.0,3.0,3.0,3.0,3.0,3.0,3.0,3.0,3.0,3.0,0.0,0.36665740609169006,3.0,3.3666566491127012,3.0
2060042600,3,3,3.0,3.0,3.0,3.0,3.0,3.0,3.0,3.0,3.0,3.0,3.0,3.0,0.0,0.3666574120521546,3.0,3.3666566491127012,3.0
2060042700,3,3,3.0,3.0,3.0,3.0,3.0,3.0,3.0,3.0,3.0,3.0,3.0,3.0,0.0,0.3666574120521546,3.0,3.3666566491127012,3.0
2060042800,3,3,3.0,3.0,3.0,3.0,3.0,3.0,3.0,3.0,3.0,3.0,3.0,3.0,0.0,0.3666574120521546,3.0,3.3666566491127012,3.0
2060042900,3,3,3.0,3.0,3.0,3.0,3.0,3.0,3.0,3.0,3.0,3.0,3.0,3.0,0.0,0.3666574120521546,3.0,3.3666566491127012,3.0
2060043000,3,3,3.0,3.0,3.0,3.0,3.0,3.0,3.0,3.0,3.0,3.0,3.0,3.0,0.0,0.36665740609169006,3.0,3.366656655073166,3.0
2060043100,3,3,3.0,3.0,3.0,3.0,3.0,3.0,3.0,3.0,3.0,3.0,3.0,3.0,0.0,0.3666574120521546,3.0,3.3666566491127012,3.0
2060043200,3,3,3.0,3.0,3.0,3.0,3.0,3.0,3.0,3.0,3.0,3.0,3.0,3.0,0.0,0.36665741801261903,3.0,3.3666566491127012,3.0
2060043300,3,3,3.0,3.0,3.0,3.0,3.0,3.0,3.0,3.0,3.0,3.0,3.0,3.0,0.0,0.3666574120521546,3.0,3.3666566491127012,3.0
2060043400,1,1,1.0,1.0,1.0,1.0,1.0,1.0,1.0,1.0,1.0,1.0,1.0,1.0,0.0,0.16665656566619874,0.0,0.16665747761726382,0.0
2060043500,3,3,3.0,3.0,3.0,3.0,3.0,3.0,3.0,3.0,3.0,3.0,3.0,3.0,0.0,0.36665741801261903,3.0,3.3666566491127012,3.0
2060043600,3,3,3.0,3.0,3.0,3.0,3.0,3.0,3.0,3.0,3.0,3.0,3.0,3.0,0.0,0.3666574120521546,3.0,3.3666566491127012,3.0
2060043700,3,3,3.0,3.0,3.0,3.0,3.0,3.0,3.0,3.0,3.0,3.0,3.0,3.0,0.0,0.3666574120521546,3.0,3.3666566491127012,3.0
2060043800,3,3,3.0,3.0,3.0,3.0,3.0,3.0,3.0,3.0,3.0,3.0,3.0,3.0,0.0,0.3666574120521546,3.0,3.3666566491127012,3.0
2060043900,3,3,3.0,3.0,3.0,3.0,3.0,3.0,3.0,3.0,3.0,3.0,3.0,3.0,0.0,0.36665740609169006,3.0,3.366656655073166,3.0
2060044000,2,2,2.0,2.0,2.0,2.0,2.0,2.0,2.0,2.0,2.0,2.0,2.0,2.0,0.0,0.2666570901870728,0.0,0.2666576325893402,2.0
2060044100,1,1,1.0,1.0,1.0,1.0,1.0,1.0,1.0,1.0,1.0,1.0,1.0,1.0,0.0,0.16665657162666322,0.0,0.16665748357772828,0.0
2060044200,3,3,3.0,3.0,3.0,3.0,3.0,3.0,3.0,3.0,3.0,3.0,3.0,3.0,0.0,0.36665740609169006,3.0,3.3666566491127012,3.0
2060044300,4,4,4.0,4.0,4.0,4.0,4.0,4.0,4.0,4.0,4.0,4.0,4.0,4.0,4.0,4.466705787181854,4.0,4.466657197475433,4.0
2060044400,4,4,4.0,4.0,4.0,4.0,4.0,4.0,4.0,4.0,4.0,4.0,4.0,4.0,4.0,4.46670908331871,4.0,4.466657191514969,4.0
2060044500,4,4,4.0,4.0,4.0,4.0,4.0,4.0,4.0,4.0,4.0,4.0,4.0,4.0,4.0,4.466705459356308,4.0,4.466657197475433,4.0
2060044600,4,4,4.0,4.0,4.0,4.0,4.0,4.0,4.0,4.0,4.0,4.0,4.0,4.0,4.0,4.46670680642128,4.0,4.466657197475433,4.0
2060044700,3,3,3.0,3.0,3.0,3.0,3.0,3.0,3.0,3.0,3.0,3.0,3.0,3.0,0.0,0.36665740609169006,3.0,3.3666566491127012,3.0
2060044800,4,4,4.0,4.0,4.0,4.0,4.0,4.0,4.0,4.0,4.0,4.0,4.0,4.0,4.0,4.466706681251526,4.0,4.466657197475433,4.0
2060044900,4,4,3.0,3.0,3.0,3.0,3.0,3.0,3.0,3.0,3.0,3.0,3.0,3.0,0.0,0.3666576325893402,3.0,3.3666566491127012,3.0
2060045000,3,3,3.0,3.0,3.0,3.0,3.0,3.0,3.0,3.0,3.0,3.0,3.0,3.0,0.0,0.36665740609169006,3.0,3.3666566491127012,3.0
2060045100,3,3,3.0,3.0,3.0,3.0,3.0,3.0,3.0,3.0,3.0,3.0,3.0,3.0,0.0,0.3666574120521546,3.0,3.3666566491127012,3.0
2060045200,3,3,3.0,3.0,3.0,3.0,3.0,3.0,3.0,3.0,3.0,3.0,3.0,3.0,0.0,0.36665740609169006,3.0,3.3666566491127012,3.0
2060045300,3,3,3.0,3.0,3.0,3.0,3.0,3.0,3.0,3.0,3.0,3.0,3.0,3.0,0.0,0.36665741801261903,3.0,3.3666566491127012,3.0
2060045400,3,3,3.0,3.0,3.0,3.0,3.0,3.0,3.0,3.0,3.0,3.0,3.0,3.0,0.0,0.36665741801261903,3.0,3.3666566491127012,3.0
2060045500,4,4,4.0,4.0,4.0,4.0,4.0,4.0,4.0,4.0,4.0,4.0,4.0,4.0,4.0,4.466705685853958,4.0,4.466657197475433,4.0
2060045600,4,4,4.0,4.0,4.0,4.0,4.0,4.0,4.0,4.0,4.0,4.0,4.0,4.0,4.0,4.466707080602646,4.0,4.466657197475433,4.0
2060045700,3,3,3.0,3.0,3.0,3.0,3.0,3.0,3.0,3.0,3.0,3.0,3.0,3.0,0.0,0.3666574120521546,3.0,3.3666566491127012,3.0
2060045800,3,3,3.0,3.0,3.0,3.0,3.0,3.0,3.0,3.0,3.0,3.0,3.0,3.0,0.0,0.36665741801261903,3.0,3.366656643152237,3.0
2060045900,4,4,4.0,3.0,3.0,3.0,3.0,3.0,3.0,3.0,3.0,3.0,3.0,3.0,0.0,0.3666576325893402,3.0,3.3666566491127012,3.0
2060046000,4,4,4.0,4.0,4.0,4.0,4.0,4.0,4.0,4.0,4.0,4.0,4.0,4.0,4.0,4.466705656051635,4.0,4.466657197475433,4.0
2060046100,3,3,3.0,3.0,3.0,3.0,3.0,3.0,3.0,3.0,3.0,3.0,3.0,3.0,0.0,0.3666574120521546,3.0,3.3666566491127012,3.0
2060046200,3,3,3.0,3.0,3.0,3.0,3.0,3.0,3.0,3.0,3.0,3.0,3.0,3.0,0.0,0.36665741801261903,3.0,3.366656643152237,3.0
2060046300,3,3,3.0,3.0,3.0,3.0,3.0,3.0,3.0,3.0,3.0,3.0,3.0,3.0,0.0,0.36665740609169006,3.0,3.366656655073166,3.0
2060046400,4,4,4.0,4.0,4.0,4.0,4.0,4.0,4.0,4.0,4.0,4.0,4.0,4.0,4.0,4.466707110404968,4.0,4.466657197475433,4.0
2060046500,3,3,3.0,3.0,3.0,3.0,3.0,3.0,3.0,3.0,3.0,3.0,2.0,2.0,0.0,0.3098376071757686,3.0,3.309837401124509,3.0
2060046600,3,3,3.0,3.0,3.0,3.0,3.0,3.0,3.0,3.0,3.0,3.0,3.0,3.0,0.0,0.36665741801261903,3.0,3.3666566491127012,3.0
2060046700,3,3,3.0,3.0,3.0,3.0,3.0,3.0,3.0,3.0,3.0,3.0,3.0,3.0,0.0,0.36665741801261903,3.0,3.366656643152237,3.0
2060046800,2,2,2.0,2.0,2.0,2.0,2.0,2.0,2.0,2.0,2.0,2.0,2.0,2.0,0.0,0.2666570842266083,0.0,0.2666576325893402,2.0
2060046900,3,3,3.0,3.0,3.0,3.0,3.0,3.0,3.0,3.0,3.0,3.0,3.0,3.0,0.0,0.3666574120521546,3.0,3.3666566491127012,3.0
2060047000,2,2,2.0,2.0,2.0,2.0,2.0,2.0,2.0,2.0,2.0,2.0,2.0,2.0,0.0,0.2666570901870728,0.0,0.2666576325893402,2.0
2060047100,4,4,4.0,4.0,4.0,4.0,4.0,4.0,4.0,4.0,4.0,4.0,4.0,4.0,4.0,4.466710424423217,4.0,4.466657191514969,4.0
2060047200,2,2,2.0,2.0,2.0,2.0,2.0,2.0,2.0,2.0,2.0,2.0,2.0,2.0,0.0,0.2666570842266083,0.0,0.2666576325893402,2.0
2060047300,2,2,2.0,2.0,2.0,2.0,2.0,2.0,2.0,2.0,2.0,2.0,2.0,2.0,0.0,0.2666570723056793,0.0,0.2666576385498047,2.0
2060047400,3,3,3.0,3.0,3.0,3.0,3.0,3.0,3.0,3.0,3.0,3.0,3.0,3.0,0.0,0.3666574120521546,3.0,3.3666566491127012,3.0
2060047500,3,3,3.0,3.0,3.0,3.0,3.0,3.0,3.0,3.0,3.0,3.0,3.0,3.0,0.0,0.36665740609169006,3.0,3.3666566491127012,3.0
2060047600,4,4,4.0,4.0,4.0,4.0,4.0,4.0,4.0,4.0,4.0,4.0,3.0,3.0,0.0,0.40983794247736327,4.0,4.409837783255936,4.0
2060047700,2,2,2.0,2.0,2.0,2.0,2.0,2.0,2.0,2.0,2.0,2.0,2.0,2.0,0.0,0.2666570723056793,0.0,0.2666576385498047,2.0
2060047800,3,3,3.0,3.0,3.0,3.0,3.0,3.0,3.0,3.0,3.0,3.0,3.0,3.0,0.0,0.3666574120521546,3.0,3.3666566491127012,3.0
2060047900,3,3,3.0,3.0,3.0,3.0,3.0,3.0,3.0,3.0,3.0,3.0,3.0,3.0,0.0,0.3666574120521546,3.0,3.3666566491127012,3.0
2060048000,3,3,3.0,3.0,3.0,3.0,3.0,3.0,3.0,3.0,3.0,3.0,3.0,3.0,0.0,0.36665740609169006,3.0,3.3666566491127012,3.0
2060048100,3,3,3.0,3.0,3.0,3.0,3.0,3.0,3.0,3.0,3.0,3.0,3.0,3.0,0.0,0.3666574120521546,3.0,3.3666566491127012,3.0
2060048200,4,4,4.0,4.0,4.0,4.0,4.0,4.0,4.0,4.0,4.0,4.0,4.0,4.0,4.0,4.466706550121307,4.0,4.466657197475433,4.0
2060048300,3,3,3.0,3.0,3.0,3.0,3.0,3.0,3.0,3.0,3.0,3.0,3.0,3.0,0.0,0.3666574120521546,3.0,3.3666566491127012,3.0
2060048400,4,4,4.0,4.0,4.0,4.0,4.0,4.0,4.0,4.0,4.0,4.0,4.0,4.0,4.0,4.46670486330986,4.0,4.466657197475433,4.0
2060048500,2,2,2.0,2.0,2.0,2.0,2.0,2.0,2.0,2.0,2.0,2.0,2.0,2.0,0.0,0.26665707826614377,0.0,0.2666576385498047,2.0
2060048600,4,4,4.0,4.0,4.0,4.0,4.0,4.0,4.0,4.0,4.0,4.0,4.0,4.0,4.0,4.466707080602646,4.0,4.466657197475433,4.0
2060048700,4,4,4.0,4.0,4.0,4.0,4.0,4.0,4.0,4.0,4.0,4.0,4.0,4.0,4.0,4.466704934835434,4.0,4.466657197475433,4.0
2060048800,4,4,4.0,4.0,4.0,4.0,4.0,4.0,4.0,4.0,4.0,4.0,4.0,4.0,4.0,4.466707479953766,4.0,4.466657197475433,4.0
2060048900,2,2,2.0,2.0,2.0,2.0,2.0,2.0,2.0,2.0,2.0,2.0,2.0,2.0,0.0,0.26665707826614377,0.0,0.2666576385498047,2.0
2060049000,3,3,3.0,3.0,3.0,3.0,3.0,3.0,3.0,3.0,3.0,3.0,3.0,3.0,0.0,0.36665740609169006,3.0,3.3666566491127012,3.0
2060049100,3,3,3.0,3.0,3.0,3.0,3.0,3.0,3.0,3.0,3.0,3.0,3.0,3.0,0.0,0.36665740609169006,3.0,3.3666566491127012,3.0
2060049200,1,1,1.0,1.0,1.0,1.0,1.0,1.0,1.0,1.0,1.0,1.0,1.0,1.0,0.0,0.16665656566619874,0.0,0.16665747761726382,0.0
2060049300,3,3,3.0,3.0,3.0,3.0,3.0,3.0,3.0,3.0,3.0,3.0,3.0,3.0,0.0,0.3666574120521546,3.0,3.3666566491127012,3.0
2060049400,4,4,4.0,4.0,4.0,4.0,4.0,4.0,4.0,4.0,4.0,4.0,4.0,4.0,4.0,4.466705101728439,4.0,4.466657197475433,4.0
2060049500,3,3,3.0,3.0,3.0,3.0,3.0,3.0,3.0,3.0,3.0,3.0,3.0,3.0,0.0,0.3666574120521546,3.0,3.3666566491127012,3.0
2060049600,3,3,3.0,3.0,3.0,3.0,3.0,3.0,3.0,3.0,3.0,3.0,3.0,3.0,0.0,0.36665740609169006,3.0,3.3666566491127012,3.0
2060049700,3,3,3.0,3.0,3.0,3.0,3.0,3.0,3.0,3.0,3.0,3.0,3.0,3.0,0.0,0.36665740609169006,3.0,3.3666566491127012,3.0
2060049800,4,4,4.0,4.0,4.0,4.0,4.0,4.0,4.0,4.0,4.0,4.0,4.0,4.0,4.0,4.466706699132919,4.0,4.466657197475433,4.0
2060049900,3,3,3.0,3.0,3.0,3.0,3.0,3.0,3.0,3.0,3.0,3.0,3.0,3.0,0.0,0.3666574120521546,3.0,3.3666566491127012,3.0
2060050000,4,4,4.0,4.0,4.0,4.0,4.0,4.0,4.0,4.0,4.0,4.0,4.0,4.0,4.0,4.466707599163056,4.0,4.466657191514969,4.0
2060050100,3,3,3.0,3.0,3.0,3.0,3.0,3.0,3.0,3.0,3.0,3.0,3.0,3.0,0.0,0.3666574120521546,3.0,3.3666566491127012,3.0
2060050200,4,4,4.0,4.0,4.0,4.0,4.0,4.0,4.0,4.0,4.0,4.0,4.0,4.0,4.0,4.466706919670105,4.0,4.466657197475433,4.0
2060050300,3,3,3.0,3.0,3.0,3.0,3.0,3.0,3.0,3.0,3.0,3.0,3.0,3.0,0.0,0.3666574120521546,3.0,3.3666566491127012,3.0
2060050400,3,3,3.0,3.0,3.0,3.0,3.0,3.0,3.0,3.0,3.0,3.0,3.0,3.0,0.0,0.3666574120521546,3.0,3.3666566491127012,3.0
2060050500,4,4,4.0,4.0,4.0,4.0,4.0,4.0,4.0,4.0,4.0,4.0,4.0,4.0,4.0,4.466707813739776,4.0,4.466657197475433,4.0
2060050600,4,4,4.0,4.0,4.0,4.0,4.0,4.0,4.0,4.0,4.0,4.0,4.0,4.0,4.0,4.466707700490952,4.0,4.466657191514969,4.0
2060050700,4,4,4.0,4.0,4.0,4.0,4.0,4.0,4.0,4.0,4.0,4.0,4.0,4.0,4.0,4.4667058229446415,4.0,4.466657197475433,4.0
2060050800,3,3,3.0,3.0,3.0,3.0,3.0,3.0,3.0,3.0,3.0,3.0,3.0,3.0,0.0,0.36665740609169006,3.0,3.3666566491127012,3.0
2060050900,3,3,3.0,3.0,3.0,3.0,3.0,3.0,3.0,3.0,3.0,3.0,3.0,3.0,0.0,0.36665740609169006,3.0,3.3666566491127012,3.0
2060051000,3,3,3.0,3.0,3.0,3.0,3.0,3.0,3.0,3.0,3.0,3.0,3.0,3.0,0.0,0.36665741801261903,3.0,3.3666566491127012,3.0
2060051100,4,4,4.0,4.0,4.0,4.0,4.0,4.0,4.0,4.0,4.0,4.0,4.0,4.0,4.0,4.466706019639969,4.0,4.466657197475433,4.0
2060051200,3,3,3.0,3.0,3.0,3.0,3.0,3.0,3.0,3.0,3.0,3.0,3.0,3.0,0.0,0.36665740609169006,3.0,3.366656655073166,3.0
2060051300,1,1,1.0,1.0,1.0,1.0,1.0,1.0,1.0,1.0,1.0,1.0,1.0,1.0,0.0,0.1666565775871277,0.0,0.16665748357772828,0.0
2060051400,3,3,3.0,3.0,3.0,3.0,3.0,3.0,3.0,3.0,3.0,3.0,3.0,3.0,0.0,0.3666574120521546,3.0,3.3666566491127012,3.0
2060051500,4,4,4.0,4.0,4.0,4.0,4.0,4.0,4.0,4.0,4.0,4.0,4.0,4.0,4.0,4.466709309816361,4.0,4.466657197475433,4.0
2060051600,3,3,3.0,3.0,3.0,3.0,3.0,3.0,3.0,3.0,3.0,3.0,3.0,3.0,0.0,0.3666574120521546,3.0,3.3666566491127012,3.0
2060051700,3,3,3.0,3.0,3.0,3.0,3.0,3.0,3.0,3.0,3.0,3.0,3.0,3.0,0.0,0.3666574120521546,3.0,3.3666566491127012,3.0
2060051800,3,3,3.0,3.0,3.0,3.0,3.0,3.0,3.0,3.0,3.0,3.0,3.0,3.0,0.0,0.3666574120521546,3.0,3.3666566491127012,3.0
2060051900,4,4,4.0,4.0,4.0,4.0,4.0,4.0,4.0,4.0,4.0,4.0,4.0,4.0,4.0,4.466705346107483,4.0,4.466657197475433,4.0
2060052000,3,3,3.0,3.0,3.0,3.0,3.0,3.0,3.0,3.0,3.0,3.0,3.0,3.0,0.0,0.3666574120521546,3.0,3.3666566491127012,3.0
2060052100,3,3,3.0,3.0,3.0,3.0,3.0,3.0,3.0,3.0,3.0,3.0,3.0,3.0,0.0,0.36665740609169006,3.0,3.3666566491127012,3.0
2060052200,4,4,4.0,4.0,4.0,4.0,4.0,4.0,4.0,4.0,4.0,4.0,4.0,4.0,4.0,4.4667061150074,4.0,4.466657197475433,4.0
2060052300,3,3,3.0,3.0,3.0,3.0,3.0,3.0,3.0,3.0,3.0,3.0,3.0,3.0,0.0,0.36665740609169006,3.0,3.3666566491127012,3.0
2060052400,4,4,4.0,4.0,4.0,4.0,4.0,4.0,4.0,4.0,4.0,4.0,4.0,4.0,4.0,4.466707623004913,4.0,4.466657197475433,4.0
2060052500,3,3,3.0,3.0,3.0,3.0,3.0,3.0,3.0,3.0,3.0,3.0,3.0,3.0,0.0,0.3666574120521546,3.0,3.3666566491127012,3.0
2060052600,3,3,3.0,3.0,3.0,3.0,3.0,3.0,3.0,3.0,3.0,3.0,3.0,3.0,0.0,0.36665740609169006,3.0,3.3666566491127012,3.0
2060052700,4,4,4.0,4.0,4.0,4.0,4.0,4.0,4.0,4.0,4.0,4.0,4.0,4.0,4.0,4.466710025072098,4.0,4.466657191514969,4.0
2060052800,4,4,4.0,4.0,4.0,4.0,4.0,4.0,4.0,4.0,4.0,4.0,4.0,4.0,4.0,4.466706573963165,4.0,4.466657197475433,4.0
2060052900,4,4,4.0,4.0,4.0,4.0,4.0,4.0,4.0,4.0,4.0,4.0,4.0,4.0,4.0,4.466707068681717,4.0,4.466657197475433,4.0
2060053000,3,3,3.0,3.0,3.0,3.0,3.0,3.0,3.0,3.0,3.0,3.0,3.0,3.0,0.0,0.36665740609169006,3.0,3.366656655073166,3.0
2060053100,3,3,3.0,3.0,3.0,3.0,3.0,3.0,3.0,3.0,3.0,3.0,3.0,3.0,0.0,0.3666574120521546,3.0,3.3666566491127012,3.0
2060053200,3,3,3.0,3.0,3.0,3.0,3.0,3.0,3.0,3.0,3.0,3.0,3.0,3.0,0.0,0.3666574120521546,3.0,3.3666566491127012,3.0
2060053300,4,4,4.0,4.0,4.0,4.0,4.0,4.0,4.0,4.0,4.0,4.0,4.0,4.0,4.0,4.466710442304612,4.0,4.466657191514969,4.0
2060053400,2,2,2.0,2.0,2.0,2.0,2.0,2.0,2.0,2.0,2.0,2.0,2.0,2.0,0.0,0.26665707826614377,0.0,0.2666576385498047,2.0
2060053500,3,3,3.0,3.0,3.0,3.0,3.0,3.0,3.0,3.0,3.0,3.0,3.0,3.0,0.0,0.3666574120521546,3.0,3.3666566491127012,3.0
2060053600,3,3,3.0,3.0,3.0,3.0,3.0,3.0,3.0,3.0,3.0,3.0,3.0,3.0,0.0,0.36665740609169006,3.0,3.3666566491127012,3.0
2060053700,3,3,3.0,3.0,3.0,3.0,3.0,3.0,3.0,3.0,3.0,3.0,3.0,3.0,0.0,0.3666574120521546,3.0,3.3666566491127012,3.0
2060053800,4,4,4.0,4.0,4.0,4.0,4.0,4.0,4.0,4.0,4.0,4.0,4.0,4.0,4.0,4.466705113649368,4.0,4.466657197475433,4.0
2060053900,3,3,3.0,3.0,3.0,3.0,3.0,3.0,3.0,3.0,3.0,3.0,3.0,3.0,0.0,0.36665741801261903,3.0,3.3666566491127012,3.0
2060054000,2,2,2.0,2.0,2.0,2.0,2.0,2.0,2.0,2.0,2.0,2.0,2.0,2.0,0.0,0.26665707826614377,0.0,0.2666576385498047,2.0
2060054100,4,4,4.0,4.0,4.0,4.0,4.0,4.0,4.0,4.0,4.0,4.0,4.0,4.0,4.0,4.466710871458053,4.0,4.466657191514969,4.0
2060054200,3,3,3.0,3.0,3.0,3.0,3.0,3.0,3.0,3.0,3.0,3.0,3.0,3.0,0.0,0.3666574120521546,3.0,3.3666566491127012,3.0
2060054300,3,3,3.0,3.0,3.0,3.0,3.0,3.0,3.0,3.0,3.0,3.0,3.0,3.0,0.0,0.36665740609169006,3.0,3.3666566491127012,3.0
2060054400,4,4,4.0,4.0,4.0,4.0,4.0,4.0,4.0,4.0,4.0,4.0,4.0,4.0,4.0,4.466706603765488,4.0,4.466657197475433,4.0
2060054500,3,3,3.0,3.0,3.0,3.0,3.0,3.0,3.0,3.0,3.0,3.0,3.0,3.0,0.0,0.36665740609169006,3.0,3.3666566491127012,3.0
2060054600,3,3,3.0,3.0,3.0,3.0,3.0,3.0,3.0,3.0,3.0,3.0,3.0,3.0,0.0,0.3666574120521546,3.0,3.3666566491127012,3.0
2060054700,2,2,2.0,2.0,2.0,2.0,2.0,2.0,2.0,2.0,2.0,2.0,2.0,2.0,0.0,0.2666570901870728,0.0,0.2666576325893402,2.0
2060054800,2,2,2.0,2.0,2.0,2.0,2.0,2.0,2.0,2.0,2.0,2.0,2.0,2.0,0.0,0.26665707826614377,0.0,0.2666576385498047,2.0
2060054900,1,1,1.0,1.0,1.0,1.0,1.0,1.0,1.0,1.0,1.0,1.0,1.0,1.0,0.0,0.16665656566619874,0.0,0.16665747761726382,0.0
2060055000,2,2,1.0,1.0,1.0,1.0,1.0,1.0,1.0,1.0,1.0,1.0,1.0,1.0,0.0,0.16665694117546082,0.0,0.16665747761726382,0.0
2060055001,2,2,0.0,0.0,0.0,0.0,0.0,0.0,0.0,0.0,0.0,0.0,0.0,0.0,0.0,0.0666569709777832,0.0,0.06665719747543336,0.0
2060055002,1,1,0.0,0.0,0.0,0.0,0.0,0.0,0.0,0.0,0.0,0.0,0.0,0.0,0.0,0.06665655374526978,0.0,0.06665719151496888,0.0
2060055100,3,3,3.0,3.0,3.0,3.0,3.0,3.0,3.0,3.0,3.0,3.0,3.0,3.0,0.0,0.36665741801261903,3.0,3.366656643152237,3.0
2060055101,2,2,0.0,0.0,0.0,0.0,0.0,0.0,0.0,0.0,0.0,0.0,0.0,0.0,0.0,0.0666569709777832,0.0,0.06665719747543336,0.0
2060055200,2,2,2.0,2.0,2.0,2.0,2.0,2.0,2.0,2.0,2.0,2.0,2.0,2.0,0.0,0.2666570842266083,0.0,0.2666576325893402,2.0
2060055300,2,2,2.0,2.0,2.0,2.0,2.0,2.0,2.0,2.0,2.0,2.0,2.0,2.0,0.0,0.2666570723056793,0.0,0.2666576385498047,2.0
2060055400,2,2,2.0,2.0,2.0,2.0,2.0,2.0,2.0,2.0,2.0,2.0,2.0,2.0,0.0,0.26665707826614377,0.0,0.2666576385498047,2.0
2060055500,2,2,2.0,2.0,2.0,1.0,1.0,1.0,1.0,1.0,1.0,1.0,2.0,0.0,0.0,0.1499344272162934,0.0,0.1499344272162934,2.0
2060055700,3,3,3.0,3.0,3.0,3.0,3.0,3.0,3.0,3.0,3.0,3.0,4.0,0.0,0.0,0.3320596982744622,3.0,3.3320599043257215,3.0
2060055800,3,3,3.0,3.0,3.0,3.0,3.0,3.0,3.0,3.0,3.0,3.0,3.0,0.0,0.0,0.3666574120521546,3.0,3.3666566491127012,3.0
2060055900,1,1,1.0,1.0,1.0,1.0,1.0,1.0,1.0,1.0,1.0,1.0,1.0,0.0,0.0,0.16665657162666322,0.0,0.16665748357772828,0.0
2060056000,3,3,3.0,3.0,3.0,3.0,3.0,3.0,3.0,3.0,3.0,3.0,3.0,0.0,0.0,0.3666574120521546,3.0,3.3666566491127012,3.0
2060056100,2,2,2.0,2.0,2.0,2.0,2.0,2.0,2.0,2.0,2.0,2.0,2.0,0.0,0.0,0.2666570901870728,0.0,0.2666576325893402,2.0
2060056200,4,4,4.0,4.0,4.0,4.0,4.0,4.0,4.0,4.0,4.0,4.0,4.0,0.0,0.0,0.4666575849056244,4.0,4.466656583547592,4.0
2060056300,2,2,3.0,3.0,3.0,3.0,3.0,3.0,3.0,3.0,3.0,3.0,3.0,0.0,0.0,0.366657280921936,3.0,3.3666566491127012,3.0
2060056400,2,2,3.0,3.0,3.0,3.0,3.0,3.0,3.0,3.0,3.0,3.0,3.0,0.0,0.0,0.366657280921936,3.0,3.3666566491127012,3.0
2060056500,4,4,4.0,4.0,4.0,4.0,4.0,4.0,4.0,4.0,4.0,4.0,4.0,0.0,0.0,0.4666575849056244,4.0,4.466656583547592,4.0
2060056600,1,1,1.0,1.0,1.0,1.0,1.0,1.0,1.0,1.0,1.0,1.0,1.0,0.0,0.0,0.16665657162666322,0.0,0.16665748357772828,0.0
2060056700,3,3,1.0,1.0,1.0,1.0,1.0,1.0,1.0,1.0,1.0,1.0,0.0,0.0,0.0,0.10983735054829101,0.0,0.10983734492871121,0.0
2060056800,1,1,1.0,1.0,1.0,1.0,1.0,1.0,1.0,1.0,1.0,1.0,0.0,0.0,0.0,0.10983731308442563,0.0,0.10983734492871121,0.0
2060057100,3,3,1.0,1.0,1.0,1.0,1.0,1.0,1.0,1.0,1.0,1.0,0.0,0.0,0.0,0.10983735054829101,0.0,0.10983734492871121,0.0
2060057200,1,1,1.0,1.0,1.0,1.0,1.0,1.0,1.0,1.0,1.0,1.0,0.0,0.0,0.0,0.10983730746484584,0.0,0.10983734492871121,0.0
2060057300,1,1,1.0,1.0,1.0,1.0,1.0,1.0,1.0,1.0,1.0,1.0,0.0,0.0,0.0,0.10983730933803913,0.0,0.10983734492871121,0.0
2060057400,3,3,1.0,1.0,1.0,1.0,1.0,1.0,1.0,1.0,1.0,1.0,0.0,0.0,0.0,0.10983735054829101,0.0,0.10983734492871121,0.0
2060057700,3,3,2.0,2.0,2.0,2.0,2.0,2.0,2.0,2.0,2.0,2.0,0.0,0.0,0.0,0.2196746673791032,0.0,0.21967468985742242,2.0
2060057701,3,3,0.0,0.0,0.0,0.0,0.0,0.0,0.0,0.0,0.0,0.0,0.0,0.0,0.0,0.06665725708007812,0.0,0.06665719747543336,0.0
2060057800,2,2,2.0,2.0,2.0,2.0,2.0,2.0,2.0,2.0,2.0,2.0,0.0,0.0,0.0,0.2196746224224648,0.0,0.21967468985742242,2.0
2060057900,2,2,2.0,2.0,2.0,2.0,2.0,2.0,2.0,2.0,2.0,2.0,0.0,0.0,0.0,0.21967461867607826,0.0,0.21967468985742242,2.0
2060057901,3,3,0.0,0.0,0.0,0.0,0.0,0.0,0.0,0.0,0.0,0.0,0.0,0.0,0.0,0.06665725708007812,0.0,0.06665719151496888,0.0
2060057902,3,3,0.0,0.0,0.0,0.0,0.0,0.0,0.0,0.0,0.0,0.0,0.0,0.0,0.0,0.06665725708007812,0.0,0.06665719747543336,0.0
2060058000,4,4,4.0,4.0,4.0,4.0,4.0,4.0,4.0,4.0,2.0,2.0,0.0,0.0,0.0,0.40242306906009606,4.0,4.4024219341167345,4.0
2060058100,4,4,4.0,4.0,4.0,4.0,4.0,4.0,4.0,4.0,2.0,2.0,0.0,0.0,0.0,0.40242305272997597,4.0,4.4024219586119155,4.0
2060058101,3,3,0.0,0.0,0.0,0.0,0.0,0.0,0.0,0.0,0.0,0.0,0.0,0.0,0.0,0.06665725708007812,0.0,0.06665719747543336,0.0
2060058102,3,3,0.0,0.0,0.0,0.0,0.0,0.0,0.0,0.0,0.0,0.0,0.0,0.0,0.0,0.06665725708007812,0.0,0.06665719747543336,0.0
2060058200,2,2,2.0,2.0,2.0,2.0,2.0,2.0,2.0,2.0,1.0,1.0,0.0,0.0,0.0,0.20121153044751808,0.0,0.2012116774186008,2.0
2060058300,4,4,4.0,4.0,4.0,4.0,4.0,4.0,4.0,4.0,4.0,4.0,0.0,0.0,0.0,0.43934923735215653,4.0,4.439348046001238,4.0
2060058400,2,2,2.0,2.0,2.0,2.0,2.0,2.0,2.0,2.0,2.0,2.0,0.0,0.0,0.0,0.2196746224224648,0.0,0.21967468985742242,2.0
2060058500,2,2,2.0,2.0,2.0,2.0,2.0,2.0,2.0,2.0,2.0,2.0,0.0,0.0,0.0,0.2196746224224648,0.0,0.21967468985742242,2.0
2060058700,4,4,4.0,4.0,4.0,4.0,4.0,4.0,4.0,4.0,1.0,1.0,0.0,0.0,0.0,0.39519013247137497,4.0,4.3951893815433785,4.0
2060058800,3,3,3.0,3.0,3.0,3.0,3.0,3.0,3.0,3.0,3.0,3.0,0.0,0.0,0.0,0.32951192801411733,3.0,3.329511034500929,3.0
2060059000,2,2,1.0,1.0,1.0,1.0,1.0,1.0,1.0,1.0,1.0,1.0,0.0,0.0,0.0,0.109837294352493,0.0,0.10983734492871121,0.0
2060059100,4,4,4.0,4.0,4.0,4.0,4.0,4.0,4.0,4.0,1.0,1.0,0.0,0.0,0.0,0.3951901419767927,4.0,4.3951893815433785,4.0
2060059200,4,4,4.0,4.0,4.0,4.0,4.0,4.0,4.0,4.0,3.0,3.0,0.0,0.0,0.0,0.4164697996354407,4.0,4.416468573024564,4.0
2060059300,4,4,4.0,4.0,4.0,4.0,4.0,4.0,4.0,4.0,1.0,1.0,0.0,0.0,0.0,0.39519016098762805,4.0,4.395189372037961,4.0
2060059500,4,4,2.0,2.0,2.0,2.0,2.0,2.0,2.0,2.0,2.0,2.0,0.0,0.0,0.0,0.21967458870498602,0.0,0.21967468985742242,2.0
2060059600,4,4,4.0,4.0,4.0,5.0,5.0,5.0,5.0,5.0,4.0,4.0,0.0,0.0,0.0,0.5126621290317546,0.0,0.5126625104186879,4.0
2060059800,3,3,3.0,3.0,3.0,3.0,3.0,3.0,3.0,3.0,3.0,3.0,0.0,0.0,0.0,0.32951193363369724,3.0,3.329511028881349,3.0
2060060100,3,3,2.0,2.0,2.0,2.0,2.0,2.0,2.0,2.0,2.0,2.0,0.0,0.0,0.0,0.2196746673791032,0.0,0.21967468985742242,2.0
2060060101,3,3,0.0,0.0,0.0,0.0,0.0,0.0,0.0,0.0,0.0,0.0,0.0,0.0,0.0,0.06665725708007812,0.0,0.06665719747543336,0.0
2060060200,3,3,3.0,3.0,2.0,1.0,1.0,1.0,1.0,1.0,1.0,1.0,0.0,0.0,0.0,0.13142256323876772,0.0,0.13142270653805266,3.0
2060060300,4,4,4.0,4.0,4.0,4.0,4.0,4.0,4.0,4.0,3.0,3.0,0.0,0.0,0.0,0.4164698145034512,4.0,4.4164685655905584,4.0
2060060301,3,3,0.0,0.0,0.0,0.0,0.0,0.0,0.0,0.0,0.0,0.0,0.0,0.0,0.0,0.06665725708007812,0.0,0.06665719151496888,0.0
2060060302,3,3,0.0,0.0,0.0,0.0,0.0,0.0,0.0,0.0,0.0,0.0,0.0,0.0,0.0,0.06665725708007812,0.0,0.06665719747543336,0.0
2060060400,4,4,4.0,4.0,4.0,4.0,4.0,4.0,4.0,4.0,3.0,3.0,0.0,0.0,0.0,0.4164698070694461,4.0,4.416468573024564,4.0
2060060401,3,3,0.0,0.0,0.0,0.0,0.0,0.0,0.0,0.0,0.0,0.0,0.0,0.0,0.0,0.06665725708007812,0.0,0.06665719747543336,0.0
2060060402,3,3,0.0,0.0,0.0,0.0,0.0,0.0,0.0,0.0,0.0,0.0,0.0,0.0,0.0,0.06665725708007812,0.0,0.06665719151496888,0.0
2060060403,3,3,0.0,0.0,0.0,0.0,0.0,0.0,0.0,0.0,0.0,0.0,0.0,0.0,0.0,0.06665725708007812,0.0,0.06665719747543336,0.0
2060060500,4,4,4.0,4.0,4.0,4.0,4.0,4.0,4.0,4.0,2.0,2.0,0.0,0.0,0.0,0.40242306089503616,4.0,4.402421950446855,4.0
2060060700,4,4,2.0,2.0,2.0,2.0,2.0,2.0,2.0,2.0,2.0,2.0,0.0,0.0,0.0,0.21967458495859946,0.0,0.21967468985742242,2.0
2060060701,3,3,0.0,0.0,0.0,0.0,0.0,0.0,0.0,0.0,0.0,0.0,0.0,0.0,0.0,0.06665725708007812,0.0,0.06665719747543336,0.0
2060060800,4,4,4.0,4.0,4.0,4.0,4.0,4.0,4.0,4.0,4.0,4.0,0.0,0.0,0.0,0.43934923735215653,4.0,4.439348046001238,4.0
2060060801,3,3,0.0,0.0,0.0,0.0,0.0,0.0,0.0,0.0,0.0,0.0,0.0,0.0,0.0,0.06665725708007812,0.0,0.06665719747543336,0.0
2060061000,2,2,2.0,2.0,2.0,2.0,2.0,2.0,2.0,2.0,2.0,2.0,0.0,0.0,0.0,0.21967461867607826,0.0,0.21967468985742242,2.0
2060061001,4,4,0.0,0.0,0.0,0.0,0.0,0.0,0.0,0.0,0.0,0.0,0.0,0.0,0.0,0.06665740609169006,0.0,0.06665719151496888,0.0
2060061002,4,4,0.0,0.0,0.0,0.0,0.0,0.0,0.0,0.0,0.0,0.0,0.0,0.0,0.0,0.06665740609169006,0.0,0.06665719747543336,0.0
2060061003,3,3,0.0,0.0,0.0,0.0,0.0,0.0,0.0,0.0,0.0,0.0,0.0,0.0,0.0,0.06665725708007812,0.0,0.06665719747543336,0.0
2060061004,3,3,0.0,0.0,0.0,0.0,0.0,0.0,0.0,0.0,0.0,0.0,0.0,0.0,0.0,0.06665725708007812,0.0,0.06665719747543336,0.0
2060061100,2,2,2.0,2.0,2.0,2.0,2.0,2.0,2.0,2.0,2.0,2.0,0.0,0.0,0.0,0.2196746224224648,0.0,0.21967468985742242,2.0
2060061200,2,2,2.0,2.0,2.0,2.0,2.0,2.0,2.0,2.0,2.0,2.0,0.0,0.0,0.0,0.2196746224224648,0.0,0.21967468985742242,2.0
2060061300,2,2,2.0,2.0,2.0,2.0,2.0,2.0,2.0,2.0,2.0,2.0,0.0,0.0,0.0,0.2196746224224648,0.0,0.21967468985742242,2.0
2060061301,4,4,0.0,0.0,0.0,0.0,0.0,0.0,0.0,0.0,0.0,0.0,0.0,0.0,0.0,0.06665740609169006,0.0,0.06665719151496888,0.0
2060061302,4,4,0.0,0.0,0.0,0.0,0.0,0.0,0.0,0.0,0.0,0.0,0.0,0.0,0.0,0.06665740609169006,0.0,0.06665719747543336,0.0
2060061303,3,3,0.0,0.0,0.0,0.0,0.0,0.0,0.0,0.0,0.0,0.0,0.0,0.0,0.0,0.06665725708007812,0.0,0.06665719151496888,0.0
2060061304,4,4,0.0,0.0,0.0,0.0,0.0,0.0,0.0,0.0,0.0,0.0,0.0,0.0,0.0,0.06665740609169006,0.0,0.06665719747543336,0.0
2060061400,3,3,2.0,2.0,2.0,2.0,2.0,2.0,2.0,2.0,2.0,2.0,0.0,0.0,0.0,0.2196746673791032,0.0,0.21967468985742242,2.0
2060061500,2,2,2.0,2.0,2.0,2.0,2.0,2.0,2.0,2.0,2.0,2.0,0.0,0.0,0.0,0.21967461867607826,0.0,0.21967468985742242,2.0
2060061600,2,2,2.0,2.0,2.0,2.0,2.0,2.0,2.0,2.0,2.0,2.0,0.0,0.0,0.0,0.2196746224224648,0.0,0.21967468985742242,2.0
2060061700,2,2,2.0,2.0,2.0,2.0,2.0,2.0,2.0,2.0,2.0,2.0,0.0,0.0,0.0,0.2196746224224648,0.0,0.21967468985742242,2.0
2060061800,2,2,2.0,2.0,2.0,2.0,2.0,2.0,2.0,2.0,2.0,2.0,0.0,0.0,0.0,0.2196746224224648,0.0,0.21967468985742242,2.0
2060061900,2,2,2.0,2.0,2.0,2.0,2.0,2.0,2.0,2.0,2.0,2.0,0.0,0.0,0.0,0.2196746224224648,0.0,0.21967468985742242,2.0
2060062000,2,2,2.0,2.0,2.0,2.0,2.0,2.0,2.0,2.0,2.0,2.0,0.0,0.0,0.0,0.21967461867607826,0.0,0.21967468985742242,2.0
2060062100,2,2,2.0,2.0,2.0,2.0,2.0,2.0,2.0,2.0,2.0,2.0,0.0,0.0,0.0,0.2196746224224648,0.0,0.21967468985742242,2.0
2060062200,2,2,2.0,2.0,2.0,2.0,2.0,2.0,2.0,2.0,2.0,2.0,0.0,0.0,0.0,0.21967461867607826,0.0,0.21967468985742242,2.0
2060062300,3,3,3.0,3.0,3.0,3.0,3.0,3.0,3.0,3.0,0.0,0.0,0.0,0.0,0.0,0.29426731039466664,3.0,3.294267074372315,3.0
2060062400,4,4,4.0,4.0,4.0,4.0,4.0,4.0,4.0,4.0,0.0,0.0,0.0,0.0,0.0,0.39235643633787465,4.0,4.392356087923927,4.0
2060062500,3,3,3.0,3.0,3.0,3.0,3.0,3.0,3.0,3.0,0.0,0.0,0.0,0.0,0.0,0.29426731039466664,3.0,3.294267074372315,3.0
2060062600,2,2,1.0,1.0,1.0,1.0,1.0,1.0,1.0,1.0,0.0,0.0,0.0,0.0,0.0,0.09808917089984653,0.0,0.09808936477534964,0.0
2060062700,2,2,1.0,1.0,1.0,1.0,1.0,1.0,1.0,1.0,0.0,0.0,0.0,0.0,0.0,0.0980891737096364,0.0,0.09808936477534964,0.0
2060062800,3,3,3.0,3.0,3.0,3.0,3.0,3.0,3.0,3.0,0.0,0.0,0.0,0.0,0.0,0.29426731039466664,3.0,3.294267074372315,3.0
2060063000,3,3,3.0,3.0,3.0,3.0,3.0,3.0,3.0,3.0,0.0,0.0,0.0,0.0,0.0,0.29426731039466664,3.0,3.294267074372315,3.0
2060063200,3,3,2.0,2.0,2.0,2.0,2.0,2.0,2.0,2.0,0.0,0.0,0.0,0.0,0.0,0.1961783361801132,0.0,0.1961787295506993,2.0
2060063201,3,3,0.0,0.0,0.0,0.0,0.0,0.0,0.0,0.0,0.0,0.0,0.0,0.0,0.0,0.06665725708007812,0.0,0.06665719747543336,0.0
2060063300,3,3,3.0,3.0,3.0,3.0,3.0,3.0,3.0,3.0,0.0,0.0,0.0,0.0,0.0,0.29426731882403634,3.0,3.294267074372315,3.0
2060063400,3,3,3.0,3.0,3.0,3.0,3.0,3.0,3.0,3.0,0.0,0.0,0.0,0.0,0.0,0.29426731882403634,3.0,3.2942670659429454,3.0
2060063500,4,4,5.0,5.0,5.0,5.0,5.0,5.0,5.0,5.0,0.0,0.0,0.0,0.0,0.0,0.49044518014965643,0.0,0.4904468238767482,0.0
2060063501,3,3,0.0,0.0,0.0,0.0,0.0,0.0,0.0,0.0,0.0,0.0,0.0,0.0,0.0,0.06665725708007812,0.0,0.06665719747543336,0.0
2060063600,3,3,3.0,3.0,3.0,3.0,3.0,3.0,3.0,3.0,0.0,0.0,0.0,0.0,0.0,0.29426731039466664,3.0,3.294267074372315,3.0
2060063700,4,4,4.0,4.0,4.0,4.0,4.0,4.0,4.0,4.0,0.0,0.0,0.0,0.0,0.0,0.39235639138123624,4.0,4.392356110402246,4.0
2060063800,3,3,3.0,3.0,3.0,3.0,3.0,3.0,3.0,3.0,0.0,0.0,0.0,0.0,0.0,0.29426731882403634,3.0,3.294267074372315,3.0
2060063900,4,4,2.0,2.0,2.0,2.0,2.0,2.0,2.0,2.0,0.0,0.0,0.0,0.0,0.0,0.1961783474192728,0.0,0.1961787295506993,2.0
2060064000,3,3,3.0,3.0,3.0,3.0,3.0,3.0,3.0,3.0,0.0,0.0,0.0,0.0,0.0,0.294267327253406,3.0,3.2942670659429454,3.0
2060064100,4,4,2.0,2.0,2.0,2.0,2.0,2.0,2.0,2.0,0.0,0.0,0.0,0.0,0.0,0.1961783474192728,0.0,0.1961787295506993,2.0
2060064101,3,3,0.0,0.0,0.0,0.0,0.0,0.0,0.0,0.0,0.0,0.0,0.0,0.0,0.0,0.06665725708007812,0.0,0.06665719151496888,0.0
2060064200,4,4,4.0,4.0,4.0,4.0,4.0,4.0,4.0,4.0,0.0,0.0,0.0,0.0,0.0,0.39235641385955544,4.0,4.392356099163086,4.0
2060064300,4,4,3.0,3.0,3.0,3.0,3.0,3.0,3.0,3.0,0.0,0.0,0.0,0.0,0.0,0.2942674874114304,3.0,3.294267074372315,3.0
2060064301,3,3,0.0,0.0,0.0,0.0,0.0,0.0,0.0,0.0,0.0,0.0,0.0,0.0,0.0,0.06665725708007812,0.0,0.06665719747543336,0.0
2060064400,3,3,3.0,3.0,3.0,3.0,3.0,3.0,3.0,3.0,0.0,0.0,0.0,0.0,0.0,0.2942673019652969,3.0,3.294267074372315,3.0
2060064500,4,4,3.0,3.0,3.0,3.0,3.0,3.0,3.0,3.0,0.0,0.0,0.0,0.0,0.0,0.294267470552691,3.0,3.2942670828016847,3.0
2060064600,3,3,2.0,2.0,2.0,2.0,2.0,2.0,2.0,2.0,0.0,0.0,0.0,0.0,0.0,0.1961783361801132,0.0,0.1961787295506993,2.0
2060064800,4,4,3.0,3.0,3.0,3.0,3.0,3.0,3.0,3.0,0.0,0.0,0.0,0.0,0.0,0.2942674874114304,3.0,3.2942670659429454,3.0
2060064900,3,3,3.0,3.0,3.0,3.0,3.0,3.0,3.0,3.0,0.0,0.0,0.0,0.0,0.0,0.29426731882403634,3.0,3.294267074372315,3.0
2060065000,3,3,3.0,3.0,3.0,3.0,3.0,3.0,3.0,3.0,0.0,0.0,0.0,0.0,0.0,0.2942673019652969,3.0,3.294267074372315,3.0
2060065100,3,3,2.0,2.0,2.0,2.0,2.0,2.0,2.0,2.0,0.0,0.0,0.0,0.0,0.0,0.19617833056053335,0.0,0.1961787295506993,2.0
2060065200,3,3,3.0,3.0,3.0,3.0,3.0,3.0,3.0,3.0,0.0,0.0,0.0,0.0,0.0,0.29426731882403634,3.0,3.294267074372315,3.0
2060065300,3,3,3.0,3.0,3.0,3.0,3.0,3.0,3.0,3.0,0.0,0.0,0.0,0.0,0.0,0.29426731882403634,3.0,3.2942670659429454,3.0
2060065400,3,3,3.0,3.0,3.0,3.0,3.0,3.0,3.0,3.0,0.0,0.0,0.0,0.0,0.0,0.294267327253406,3.0,3.2942670659429454,3.0
2060065500,3,3,2.0,2.0,2.0,2.0,2.0,2.0,2.0,2.0,0.0,0.0,0.0,0.0,0.0,0.1961783361801132,0.0,0.1961787295506993,2.0
2060065600,3,3,3.0,3.0,3.0,3.0,3.0,3.0,3.0,3.0,0.0,0.0,0.0,0.0,0.0,0.29426731039466664,3.0,3.294267074372315,3.0
2060065700,3,3,3.0,3.0,3.0,3.0,3.0,3.0,3.0,3.0,0.0,0.0,0.0,0.0,0.0,0.29426731039466664,3.0,3.294267074372315,3.0
2060065800,4,4,4.0,4.0,3.0,2.0,2.0,2.0,2.0,2.0,0.0,0.0,0.0,0.0,0.0,0.21548369594168834,0.0,0.21548413425090096,4.0
2060065900,4,4,3.0,3.0,3.0,3.0,3.0,3.0,3.0,3.0,0.0,0.0,0.0,0.0,0.0,0.2942674874114304,3.0,3.2942670659429454,3.0
2060066000,4,4,4.0,4.0,4.0,4.0,4.0,4.0,4.0,4.0,0.0,0.0,0.0,0.0,0.0,0.39235641385955544,4.0,4.392356099163086,4.0
2060066001,3,3,0.0,0.0,0.0,0.0,0.0,0.0,0.0,0.0,0.0,0.0,0.0,0.0,0.0,0.06665725708007812,0.0,0.06665719151496888,0.0
2060066002,3,3,0.0,0.0,0.0,0.0,0.0,0.0,0.0,0.0,0.0,0.0,0.0,0.0,0.0,0.06665725708007812,0.0,0.06665719747543336,0.0
2060066100,3,3,3.0,3.0,3.0,3.0,3.0,3.0,3.0,3.0,0.0,0.0,0.0,0.0,0.0,0.29426731039466664,3.0,3.294267074372315,3.0
2060066200,4,4,4.0,4.0,4.0,4.0,4.0,4.0,4.0,4.0,0.0,0.0,0.0,0.0,0.0,0.39235641385955544,4.0,4.392356099163086,4.0
2060066300,3,3,3.0,3.0,3.0,3.0,3.0,3.0,3.0,3.0,0.0,0.0,0.0,0.0,0.0,0.29426731039466664,3.0,3.294267074372315,3.0
2060066301,3,3,0.0,0.0,0.0,0.0,0.0,0.0,0.0,0.0,0.0,0.0,0.0,0.0,0.0,0.06665725708007812,0.0,0.06665719747543336,0.0
2060066400,4,4,4.0,4.0,4.0,4.0,4.0,4.0,4.0,4.0,0.0,0.0,0.0,0.0,0.0,0.39235642509871516,4.0,4.392356087923927,4.0
2060066500,3,3,3.0,3.0,3.0,3.0,3.0,3.0,3.0,3.0,0.0,0.0,0.0,0.0,0.0,0.29426731882403634,3.0,3.294267074372315,3.0
2060066600,3,3,3.0,3.0,3.0,3.0,3.0,3.0,3.0,3.0,0.0,0.0,0.0,0.0,0.0,0.29426731039466664,3.0,3.294267074372315,3.0
2060066700,3,3,2.0,2.0,2.0,2.0,2.0,2.0,2.0,2.0,0.0,0.0,0.0,0.0,0.0,0.1961783361801132,0.0,0.1961787295506993,2.0
2060066800,3,3,3.0,2.0,2.0,2.0,2.0,2.0,2.0,2.0,0.0,0.0,0.0,0.0,0.0,0.19617833056053335,0.0,0.1961787295506993,2.0
2060066900,4,4,4.0,4.0,4.0,4.0,4.0,4.0,4.0,4.0,0.0,0.0,0.0,0.0,0.0,0.39235642509871516,4.0,4.392356087923927,4.0
2060066901,4,4,0.0,0.0,0.0,0.0,0.0,0.0,0.0,0.0,0.0,0.0,0.0,0.0,0.0,0.06665740609169006,0.0,0.06665719747543336,0.0
2060066902,3,3,0.0,0.0,0.0,0.0,0.0,0.0,0.0,0.0,0.0,0.0,0.0,0.0,0.0,0.06665725708007812,0.0,0.06665719747543336,0.0
2060066903,4,4,0.0,0.0,0.0,0.0,0.0,0.0,0.0,0.0,0.0,0.0,0.0,0.0,0.0,0.06665740609169006,0.0,0.06665719151496888,0.0
2060067000,3,3,2.0,2.0,2.0,2.0,2.0,2.0,2.0,2.0,0.0,0.0,0.0,0.0,0.0,0.1961783361801132,0.0,0.1961787295506993,2.0
2060067100,3,3,3.0,3.0,3.0,3.0,3.0,3.0,3.0,3.0,0.0,0.0,0.0,0.0,0.0,0.29426731039466664,3.0,3.294267074372315,3.0
2060067200,3,3,3.0,3.0,3.0,3.0,3.0,3.0,3.0,3.0,0.0,0.0,0.0,0.0,0.0,0.29426729353592723,3.0,3.2942670828016847,3.0
2060067300,4,4,3.0,3.0,3.0,3.0,3.0,3.0,3.0,3.0,0.0,0.0,0.0,0.0,0.0,0.2942674874114304,3.0,3.294267074372315,3.0
2060067400,4,4,2.0,2.0,2.0,2.0,2.0,2.0,2.0,2.0,0.0,0.0,0.0,0.0,0.0,0.1961783474192728,0.0,0.1961787295506993,2.0
2060067500,3,3,3.0,3.0,3.0,3.0,3.0,3.0,3.0,3.0,0.0,0.0,0.0,0.0,0.0,0.29426731882403634,3.0,3.294267074372315,3.0
2060067600,2,2,2.0,2.0,2.0,2.0,2.0,2.0,2.0,2.0,0.0,0.0,0.0,0.0,0.0,0.19617819569061812,0.0,0.1961787295506993,2.0
2060067700,4,4,3.0,3.0,3.0,3.0,3.0,3.0,3.0,3.0,0.0,0.0,0.0,0.0,0.0,0.2942674789820607,3.0,3.294267074372315,3.0
2060067800,2,2,1.0,1.0,1.0,1.0,1.0,1.0,1.0,1.0,0.0,0.0,0.0,0.0,0.0,0.0980891737096364,0.0,0.09808936477534964,0.0
2060067900,4,4,4.0,4.0,4.0,4.0,4.0,4.0,4.0,4.0,0.0,0.0,0.0,0.0,0.0,0.39235642509871516,4.0,4.392356099163086,4.0
2060068000,4,4,3.0,3.0,3.0,3.0,3.0,3.0,3.0,3.0,0.0,0.0,0.0,0.0,0.0,0.294267470552691,3.0,3.294267074372315,3.0
2060068001,4,4,0.0,0.0,0.0,0.0,0.0,0.0,0.0,0.0,0.0,0.0,0.0,0.0,0.0,0.06665740609169006,0.0,0.06665719747543336,0.0
2060068100,3,3,3.0,3.0,3.0,3.0,3.0,3.0,3.0,3.0,0.0,0.0,0.0,0.0,0.0,0.29426731039466664,3.0,3.294267074372315,3.0
2060068200,3,3,3.0,3.0,3.0,3.0,3.0,3.0,3.0,3.0,0.0,0.0,0.0,0.0,0.0,0.29426731882403634,3.0,3.294267074372315,3.0
2060068300,2,2,2.0,2.0,2.0,2.0,2.0,2.0,2.0,2.0,0.0,0.0,0.0,0.0,0.0,0.19617821254935758,0.0,0.1961787295506993,2.0
2060068400,2,2,2.0,2.0,2.0,2.0,2.0,2.0,2.0,2.0,0.0,0.0,0.0,0.0,0.0,0.19617821254935758,0.0,0.1961787295506993,2.0
2060068500,2,2,2.0,0.0,0.0,0.0,0.0,0.0,0.0,0.0,0.0,0.0,0.0,0.0,0.0,0.06665695905685425,0.0,0.06665719151496888,0.0
2060068600,2,2,1.0,0.0,0.0,0.0,0.0,0.0,0.0,0.0,0.0,0.0,0.0,0.0,0.0,0.06665696501731873,0.0,0.06665719747543336,0.0
2060068700,2,2,1.0,0.0,0.0,0.0,0.0,0.0,0.0,0.0,0.0,0.0,0.0,0.0,0.0,0.06665696501731873,0.0,0.06665719151496888,0.0
2060068800,2,2,2.0,0.0,0.0,0.0,0.0,0.0,0.0,0.0,0.0,0.0,0.0,0.0,0.0,0.0666569709777832,0.0,0.06665719747543336,0.0
2060068900,2,2,2.0,0.0,0.0,0.0,0.0,0.0,0.0,0.0,0.0,0.0,0.0,0.0,0.0,0.0666569709777832,0.0,0.06665719747543336,0.0
2060069000,2,2,2.0,0.0,0.0,0.0,0.0,0.0,0.0,0.0,0.0,0.0,0.0,0.0,0.0,0.0666569709777832,0.0,0.06665719747543336,0.0
2060077900,3,3,2.0,2.0,2.0,0.0,0.0,0.0,0.0,0.0,0.0,0.0,0.0,0.0,0.0,0.06411902565665736,0.0,0.06411892825060747,2.0
2060092000,4,4,2.0,2.0,2.0,0.0,0.0,0.0,0.0,0.0,0.0,0.0,0.0,0.0,0.0,0.06411913804825338,0.0,0.06411892825060747,2.0
2060093000,3,3,2.0,2.0,2.0,0.0,0.0,0.0,0.0,0.0,0.0,0.0,0.0,0.0,0.0,0.06411902940304388,0.0,0.06411892825060747,2.0
2060093700,2,2,2.0,2.0,2.0,0.0,0.0,0.0,0.0,0.0,0.0,0.0,0.0,0.0,0.0,0.06411890202590172,0.0,0.06411892825060747,2.0
2060094100,2,2,2.0,2.0,2.0,0.0,0.0,0.0,0.0,0.0,0.0,0.0,0.0,0.0,0.0,0.06411890202590172,0.0,0.06411892825060747,2.0
2060094200,4,4,4.0,4.0,4.0,0.0,0.0,0.0,0.0,0.0,0.0,0.0,0.0,0.0,0.0,0.12823780405180343,0.0,0.12823785650121494,4.0
2060094300,3,3,3.0,3.0,3.0,0.0,0.0,0.0,0.0,0.0,0.0,0.0,0.0,0.0,0.0,0.09617835303885258,0.0,0.0961783923759112,3.0
2060094500,3,3,3.0,3.0,3.0,0.0,0.0,0.0,0.0,0.0,0.0,0.0,0.0,0.0,0.0,0.09617835303885258,0.0,0.0961783923759112,3.0
2060094600,3,3,3.0,3.0,3.0,0.0,0.0,0.0,0.0,0.0,0.0,0.0,0.0,0.0,0.0,0.09617835303885258,0.0,0.0961783923759112,3.0
2060094700,3,3,3.0,3.0,3.0,0.0,0.0,0.0,0.0,0.0,0.0,0.0,0.0,0.0,0.0,0.09617835303885258,0.0,0.0961783923759112,3.0
2060094800,3,3,3.0,3.0,3.0,0.0,0.0,0.0,0.0,0.0,0.0,0.0,0.0,0.0,0.0,0.09617835303885258,0.0,0.0961783923759112,3.0
2060094900,3,3,3.0,3.0,3.0,0.0,0.0,0.0,0.0,0.0,0.0,0.0,0.0,0.0,0.0,0.09617835303885258,0.0,0.0961783923759112,3.0
2060097800,1,1,1.0,1.0,0.0,0.0,0.0,0.0,0.0,0.0,0.0,0.0,0.0,0.0,0.0,0.06665654182434082,0.0,0.06665719151496888,0.0
2060097900,1,1,1.0,1.0,0.0,0.0,0.0,0.0,0.0,0.0,0.0,0.0,0.0,0.0,0.0,0.06665653586387635,0.0,0.06665719151496888,0.0
2060098800,0,0,0.0,0.0,0.0,0.0,0.0,0.0,0.0,0.0,0.0,0.0,0.0,0.0,0.0,0.06670456528663636,0.0,0.06665719747543336,0.0
2060099400,3,3,3.0,0.0,0.0,0.0,0.0,0.0,0.0,0.0,0.0,0.0,0.0,0.0,0.0,0.06665725708007812,0.0,0.06665719151496888,0.0
2060099401,3,3,0.0,0.0,0.0,0.0,0.0,0.0,0.0,0.0,0.0,0.0,0.0,0.0,0.0,0.06665725708007812,0.0,0.06665719747543336,0.0
2060099402,3,3,0.0,0.0,0.0,0.0,0.0,0.0,0.0,0.0,0.0,0.0,0.0,0.0,0.0,0.06665725708007812,0.0,0.06665719747543336,0.0
2060099500,3,3,3.0,0.0,0.0,0.0,0.0,0.0,0.0,0.0,0.0,0.0,0.0,0.0,0.0,0.06665725708007812,0.0,0.06665719747543336,0.0
2060099600,3,3,3.0,0.0,0.0,0.0,0.0,0.0,0.0,0.0,0.0,0.0,0.0,0.0,0.0,0.06665725708007812,0.0,0.06665719747543336,0.0
2060099700,3,3,0.0,0.0,0.0,0.0,0.0,0.0,0.0,0.0,0.0,0.0,0.0,0.0,0.0,0.06665725708007812,0.0,0.06665719747543336,0.0
2060099800,3,3,0.0,0.0,0.0,0.0,0.0,0.0,0.0,0.0,0.0,0.0,0.0,0.0,0.0,0.06665725708007812,0.0,0.06665719747543336,0.0
2060099900,3,3,0.0,0.0,0.0,0.0,0.0,0.0,0.0,0.0,0.0,0.0,0.0,0.0,0.0,0.06665725708007812,0.0,0.06665719747543336,0.0
2060100000,2,2,0.0,0.0,0.0,0.0,0.0,0.0,0.0,0.0,0.0,0.0,0.0,0.0,0.0,0.06665697693824768,0.0,0.06665719747543336,0.0
2060100100,3,3,0.0,0.0,0.0,0.0,0.0,0.0,0.0,0.0,0.0,0.0,0.0,0.0,0.0,0.06665725708007812,0.0,0.06665719747543336,0.0
2060100200,2,2,0.0,0.0,0.0,0.0,0.0,0.0,0.0,0.0,0.0,0.0,0.0,0.0,0.0,0.0666569709777832,0.0,0.06665719747543336,0.0
2060100300,3,3,0.0,0.0,0.0,0.0,0.0,0.0,0.0,0.0,0.0,0.0,0.0,0.0,0.0,0.06665725708007812,0.0,0.06665719747543336,0.0
2060100400,3,3,0.0,0.0,0.0,0.0,0.0,0.0,0.0,0.0,0.0,0.0,0.0,0.0,0.0,0.06665725708007812,0.0,0.06665719747543336,0.0
2060100500,3,3,0.0,0.0,0.0,0.0,0.0,0.0,0.0,0.0,0.0,0.0,0.0,0.0,0.0,0.06665725708007812,0.0,0.06665719151496888,0.0
2060100600,3,3,0.0,0.0,0.0,0.0,0.0,0.0,0.0,0.0,0.0,0.0,0.0,0.0,0.0,0.06665725708007812,0.0,0.06665719747543336,0.0
2060100700,3,3,0.0,0.0,0.0,0.0,0.0,0.0,0.0,0.0,0.0,0.0,0.0,0.0,0.0,0.06665725708007812,0.0,0.06665719747543336,0.0
2060100800,3,3,0.0,0.0,0.0,0.0,0.0,0.0,0.0,0.0,0.0,0.0,0.0,0.0,0.0,0.06665725708007812,0.0,0.06665719747543336,0.0
2060100900,3,3,0.0,0.0,0.0,0.0,0.0,0.0,0.0,0.0,0.0,0.0,0.0,0.0,0.0,0.06665725708007812,0.0,0.06665719747543336,0.0
2060101000,1,1,0.0,0.0,0.0,0.0,0.0,0.0,0.0,0.0,0.0,0.0,0.0,0.0,0.0,0.06665656566619874,0.0,0.06665719747543336,0.0
2060101100,2,2,0.0,0.0,0.0,0.0,0.0,0.0,0.0,0.0,0.0,0.0,0.0,0.0,0.0,0.0666569709777832,0.0,0.06665719747543336,0.0
2060101200,3,3,0.0,0.0,0.0,0.0,0.0,0.0,0.0,0.0,0.0,0.0,0.0,0.0,0.0,0.06665725708007812,0.0,0.06665719747543336,0.0
2060101300,3,3,0.0,0.0,0.0,0.0,0.0,0.0,0.0,0.0,0.0,0.0,0.0,0.0,0.0,0.06665725708007812,0.0,0.06665719151496888,0.0
2060101400,3,3,0.0,0.0,0.0,0.0,0.0,0.0,0.0,0.0,0.0,0.0,0.0,0.0,0.0,0.06665725708007812,0.0,0.06665719747543336,0.0
2060101500,3,3,0.0,0.0,0.0,0.0,0.0,0.0,0.0,0.0,0.0,0.0,0.0,0.0,0.0,0.06665725708007812,0.0,0.06665719151496888,0.0
2060101600,3,3,0.0,0.0,0.0,0.0,0.0,0.0,0.0,0.0,0.0,0.0,0.0,0.0,0.0,0.06665725708007812,0.0,0.06665719747543336,0.0
2060101700,3,3,0.0,0.0,0.0,0.0,0.0,0.0,0.0,0.0,0.0,0.0,0.0,0.0,0.0,0.06665725708007812,0.0,0.06665719151496888,0.0
2060101800,1,1,0.0,0.0,0.0,0.0,0.0,0.0,0.0,0.0,0.0,0.0,0.0,0.0,0.0,0.0666565477848053,0.0,0.06665719151496888,0.0
2060101900,2,2,0.0,0.0,0.0,0.0,0.0,0.0,0.0,0.0,0.0,0.0,0.0,0.0,0.0,0.0666569709777832,0.0,0.06665719747543336,0.0
2060102000,4,4,0.0,0.0,0.0,0.0,0.0,0.0,0.0,0.0,0.0,0.0,0.0,0.0,0.0,0.06665740609169006,0.0,0.06665719747543336,0.0
2060102100,4,4,0.0,0.0,0.0,0.0,0.0,0.0,0.0,0.0,0.0,0.0,0.0,0.0,0.0,0.06665740609169006,0.0,0.06665719747543336,0.0
2060102200,4,4,0.0,0.0,0.0,0.0,0.0,0.0,0.0,0.0,0.0,0.0,0.0,0.0,0.0,0.06665740609169006,0.0,0.06665719747543336,0.0
2060102300,4,4,0.0,0.0,0.0,0.0,0.0,0.0,0.0,0.0,0.0,0.0,0.0,0.0,0.0,0.06665740609169006,0.0,0.06665719151496888,0.0
2060102400,1,1,0.0,0.0,0.0,0.0,0.0,0.0,0.0,0.0,0.0,0.0,0.0,0.0,0.0,0.06665656566619874,0.0,0.06665719747543336,0.0
2060102500,1,1,0.0,0.0,0.0,0.0,0.0,0.0,0.0,0.0,0.0,0.0,0.0,0.0,0.0,0.06665655374526978,0.0,0.06665719747543336,0.0
2060102600,2,2,0.0,0.0,0.0,0.0,0.0,0.0,0.0,0.0,0.0,0.0,0.0,0.0,0.0,0.06665697693824768,0.0,0.06665719747543336,0.0
2060102700,2,2,0.0,0.0,0.0,0.0,0.0,0.0,0.0,0.0,0.0,0.0,0.0,0.0,0.0,0.06665695905685425,0.0,0.06665719151496888,0.0
2060102800,1,1,0.0,0.0,0.0,0.0,0.0,0.0,0.0,0.0,0.0,0.0,0.0,0.0,0.0,0.06665655374526978,0.0,0.06665719747543336,0.0
2060102900,3,3,0.0,0.0,0.0,0.0,0.0,0.0,0.0,0.0,0.0,0.0,0.0,0.0,0.0,0.06665725708007812,0.0,0.06665719747543336,0.0
2060103000,2,2,0.0,0.0,0.0,0.0,0.0,0.0,0.0,0.0,0.0,0.0,0.0,0.0,0.0,0.0666569709777832,0.0,0.06665719747543336,0.0
2060103100,3,3,0.0,0.0,0.0,0.0,0.0,0.0,0.0,0.0,0.0,0.0,0.0,0.0,0.0,0.06665725708007812,0.0,0.06665719151496888,0.0
2060103200,1,1,0.0,0.0,0.0,0.0,0.0,0.0,0.0,0.0,0.0,0.0,0.0,0.0,0.0,0.06665656566619874,0.0,0.06665719747543336,0.0
2060103300,1,1,0.0,0.0,0.0,0.0,0.0,0.0,0.0,0.0,0.0,0.0,0.0,0.0,0.0,0.06665655970573425,0.0,0.06665719747543336,0.0
2060103400,1,1,0.0,0.0,0.0,0.0,0.0,0.0,0.0,0.0,0.0,0.0,0.0,0.0,0.0,0.06665655970573425,0.0,0.06665719747543336,0.0
2060103500,3,3,0.0,0.0,0.0,0.0,0.0,0.0,0.0,0.0,0.0,0.0,0.0,0.0,0.0,0.06665725708007812,0.0,0.06665719747543336,0.0
2060103600,1,1,0.0,0.0,0.0,0.0,0.0,0.0,0.0,0.0,0.0,0.0,0.0,0.0,0.0,0.06665655374526978,0.0,0.06665719747543336,0.0
2060103700,4,4,0.0,0.0,0.0,0.0,0.0,0.0,0.0,0.0,0.0,0.0,0.0,0.0,0.0,0.06665740609169006,0.0,0.06665719151496888,0.0
2060103800,3,3,0.0,0.0,0.0,0.0,0.0,0.0,0.0,0.0,0.0,0.0,0.0,0.0,0.0,0.06665725708007812,0.0,0.06665719747543336,0.0
2060103900,3,3,0.0,0.0,0.0,0.0,0.0,0.0,0.0,0.0,0.0,0.0,0.0,0.0,0.0,0.06665725708007812,0.0,0.06665719151496888,0.0
2060104000,1,1,0.0,0.0,0.0,0.0,0.0,0.0,0.0,0.0,0.0,0.0,0.0,0.0,0.0,0.06665655970573425,0.0,0.06665719747543336,0.0
2060104100,1,1,0.0,0.0,0.0,0.0,0.0,0.0,0.0,0.0,0.0,0.0,0.0,0.0,0.0,0.06665655374526978,0.0,0.06665719747543336,0.0
2060104200,1,1,0.0,0.0,0.0,0.0,0.0,0.0,0.0,0.0,0.0,0.0,0.0,0.0,0.0,0.06665655970573425,0.0,0.06665719747543336,0.0
2060104300,4,4,0.0,0.0,0.0,0.0,0.0,0.0,0.0,0.0,0.0,0.0,0.0,0.0,0.0,0.06665740609169006,0.0,0.06665719747543336,0.0
2060104400,3,3,0.0,0.0,0.0,0.0,0.0,0.0,0.0,0.0,0.0,0.0,0.0,0.0,0.0,0.06665725708007812,0.0,0.06665719747543336,0.0
2060104500,1,1,0.0,0.0,0.0,0.0,0.0,0.0,0.0,0.0,0.0,0.0,0.0,0.0,0.0,0.06665655970573425,0.0,0.06665719747543336,0.0
2060104600,3,3,0.0,0.0,0.0,0.0,0.0,0.0,0.0,0.0,0.0,0.0,0.0,0.0,0.0,0.06665725708007812,0.0,0.06665719747543336,0.0
2060104700,4,4,0.0,0.0,0.0,0.0,0.0,0.0,0.0,0.0,0.0,0.0,0.0,0.0,0.0,0.06665740609169006,0.0,0.06665719747543336,0.0
2060104800,1,1,0.0,0.0,0.0,0.0,0.0,0.0,0.0,0.0,0.0,0.0,0.0,0.0,0.0,0.06665655374526978,0.0,0.06665719747543336,0.0
2060104900,3,3,0.0,0.0,0.0,0.0,0.0,0.0,0.0,0.0,0.0,0.0,0.0,0.0,0.0,0.06665725708007812,0.0,0.06665719747543336,0.0
2060105000,4,4,0.0,0.0,0.0,0.0,0.0,0.0,0.0,0.0,0.0,0.0,0.0,0.0,0.0,0.06665740609169006,0.0,0.06665719151496888,0.0
2060105100,1,1,0.0,0.0,0.0,0.0,0.0,0.0,0.0,0.0,0.0,0.0,0.0,0.0,0.0,0.06665655970573425,0.0,0.06665719747543336,0.0
2060105200,1,1,0.0,0.0,0.0,0.0,0.0,0.0,0.0,0.0,0.0,0.0,0.0,0.0,0.0,0.06665655374526978,0.0,0.06665719747543336,0.0
2060105300,1,1,0.0,0.0,0.0,0.0,0.0,0.0,0.0,0.0,0.0,0.0,0.0,0.0,0.0,0.06665655970573425,0.0,0.06665719747543336,0.0
2060105400,3,3,0.0,0.0,0.0,0.0,0.0,0.0,0.0,0.0,0.0,0.0,0.0,0.0,0.0,0.06665725708007812,0.0,0.06665719747543336,0.0
2060105500,1,1,0.0,0.0,0.0,0.0,0.0,0.0,0.0,0.0,0.0,0.0,0.0,0.0,0.0,0.06665656566619874,0.0,0.06665719747543336,0.0
2060105600,2,2,0.0,0.0,0.0,0.0,0.0,0.0,0.0,0.0,0.0,0.0,0.0,0.0,0.0,0.06665696501731873,0.0,0.06665719747543336,0.0
2060105700,1,1,0.0,0.0,0.0,0.0,0.0,0.0,0.0,0.0,0.0,0.0,0.0,0.0,0.0,0.06665656566619874,0.0,0.06665719747543336,0.0
2060105800,3,3,0.0,0.0,0.0,0.0,0.0,0.0,0.0,0.0,0.0,0.0,0.0,0.0,0.0,0.06665725708007812,0.0,0.06665719747543336,0.0
2060105900,3,3,0.0,0.0,0.0,0.0,0.0,0.0,0.0,0.0,0.0,0.0,0.0,0.0,0.0,0.06665725708007812,0.0,0.06665719747543336,0.0
2060106000,3,3,0.0,0.0,0.0,0.0,0.0,0.0,0.0,0.0,0.0,0.0,0.0,0.0,0.0,0.06665725708007812,0.0,0.06665719747543336,0.0
2060106100,3,3,0.0,0.0,0.0,0.0,0.0,0.0,0.0,0.0,0.0,0.0,0.0,0.0,0.0,0.06665725708007812,0.0,0.06665719747543336,0.0
2060106200,1,1,0.0,0.0,0.0,0.0,0.0,0.0,0.0,0.0,0.0,0.0,0.0,0.0,0.0,0.06665655374526978,0.0,0.06665719747543336,0.0
2060106300,3,3,0.0,0.0,0.0,0.0,0.0,0.0,0.0,0.0,0.0,0.0,0.0,0.0,0.0,0.06665725708007812,0.0,0.06665719747543336,0.0
2060106400,3,3,0.0,0.0,0.0,0.0,0.0,0.0,0.0,0.0,0.0,0.0,0.0,0.0,0.0,0.06665725708007812,0.0,0.06665719747543336,0.0
2060106500,1,1,0.0,0.0,0.0,0.0,0.0,0.0,0.0,0.0,0.0,0.0,0.0,0.0,0.0,0.06665655970573425,0.0,0.06665719747543336,0.0
2060106600,1,1,0.0,0.0,0.0,0.0,0.0,0.0,0.0,0.0,0.0,0.0,0.0,0.0,0.0,0.06665655970573425,0.0,0.06665719747543336,0.0
2060106700,3,3,0.0,0.0,0.0,0.0,0.0,0.0,0.0,0.0,0.0,0.0,0.0,0.0,0.0,0.06665725708007812,0.0,0.06665719151496888,0.0
2060106800,3,3,0.0,0.0,0.0,0.0,0.0,0.0,0.0,0.0,0.0,0.0,0.0,0.0,0.0,0.06665725708007812,0.0,0.06665719747543336,0.0
2060106900,3,3,0.0,0.0,0.0,0.0,0.0,0.0,0.0,0.0,0.0,0.0,0.0,0.0,0.0,0.06665725708007812,0.0,0.06665719747543336,0.0
2060107000,1,1,0.0,0.0,0.0,0.0,0.0,0.0,0.0,0.0,0.0,0.0,0.0,0.0,0.0,0.06665655374526978,0.0,0.06665719747543336,0.0
2060107100,1,1,0.0,0.0,0.0,0.0,0.0,0.0,0.0,0.0,0.0,0.0,0.0,0.0,0.0,0.06665655970573425,0.0,0.06665719747543336,0.0
2060107200,3,3,0.0,0.0,0.0,0.0,0.0,0.0,0.0,0.0,0.0,0.0,0.0,0.0,0.0,0.06665725708007812,0.0,0.06665719151496888,0.0
2060107300,2,2,0.0,0.0,0.0,0.0,0.0,0.0,0.0,0.0,0.0,0.0,0.0,0.0,0.0,0.06665697693824768,0.0,0.06665719747543336,0.0
2060107400,2,2,0.0,0.0,0.0,0.0,0.0,0.0,0.0,0.0,0.0,0.0,0.0,0.0,0.0,0.0666569709777832,0.0,0.06665719747543336,0.0
2060107500,4,4,0.0,0.0,0.0,0.0,0.0,0.0,0.0,0.0,0.0,0.0,0.0,0.0,0.0,0.06665740609169006,0.0,0.06665719747543336,0.0
2060107600,4,4,0.0,0.0,0.0,0.0,0.0,0.0,0.0,0.0,0.0,0.0,0.0,0.0,0.0,0.06665740609169006,0.0,0.06665719747543336,0.0
2060107700,3,3,0.0,0.0,0.0,0.0,0.0,0.0,0.0,0.0,0.0,0.0,0.0,0.0,0.0,0.06665725708007812,0.0,0.06665719747543336,0.0
2060107800,2,2,0.0,0.0,0.0,0.0,0.0,0.0,0.0,0.0,0.0,0.0,0.0,0.0,0.0,0.0666569709777832,0.0,0.06665719747543336,0.0
2060107900,2,2,0.0,0.0,0.0,0.0,0.0,0.0,0.0,0.0,0.0,0.0,0.0,0.0,0.0,0.06665696501731873,0.0,0.06665719747543336,0.0
2060108000,2,2,0.0,0.0,0.0,0.0,0.0,0.0,0.0,0.0,0.0,0.0,0.0,0.0,0.0,0.06665696501731873,0.0,0.06665719747543336,0.0
2060108100,3,3,0.0,0.0,0.0,0.0,0.0,0.0,0.0,0.0,0.0,0.0,0.0,0.0,0.0,0.06665725708007812,0.0,0.06665719747543336,0.0
2060108200,1,1,0.0,0.0,0.0,0.0,0.0,0.0,0.0,0.0,0.0,0.0,0.0,0.0,0.0,0.06665655970573425,0.0,0.06665719747543336,0.0
2060108300,1,1,0.0,0.0,0.0,0.0,0.0,0.0,0.0,0.0,0.0,0.0,0.0,0.0,0.0,0.0666565477848053,0.0,0.06665719747543336,0.0
2060108400,3,3,0.0,0.0,0.0,0.0,0.0,0.0,0.0,0.0,0.0,0.0,0.0,0.0,0.0,0.06665725708007812,0.0,0.06665719747543336,0.0
2060108500,1,1,0.0,0.0,0.0,0.0,0.0,0.0,0.0,0.0,0.0,0.0,0.0,0.0,0.0,0.06665655374526978,0.0,0.06665719747543336,0.0
2060108600,1,1,0.0,0.0,0.0,0.0,0.0,0.0,0.0,0.0,0.0,0.0,0.0,0.0,0.0,0.06665655970573425,0.0,0.06665719747543336,0.0
2060108700,1,1,0.0,0.0,0.0,0.0,0.0,0.0,0.0,0.0,0.0,0.0,0.0,0.0,0.0,0.06665655970573425,0.0,0.06665719747543336,0.0
2060108800,1,1,0.0,0.0,0.0,0.0,0.0,0.0,0.0,0.0,0.0,0.0,0.0,0.0,0.0,0.06665655374526978,0.0,0.06665719747543336,0.0
2060108900,0,0,0.0,0.0,0.0,0.0,0.0,0.0,0.0,0.0,0.0,0.0,0.0,0.0,0.0,0.06670444607734681,0.0,0.06665719747543336,0.0
2060109000,1,1,0.0,0.0,0.0,0.0,0.0,0.0,0.0,0.0,0.0,0.0,0.0,0.0,0.0,0.06665655374526978,0.0,0.06665719151496888,0.0
2060109100,2,2,0.0,0.0,0.0,0.0,0.0,0.0,0.0,0.0,0.0,0.0,0.0,0.0,0.0,0.06665696501731873,0.0,0.06665719747543336,0.0
2060109200,1,1,0.0,0.0,0.0,0.0,0.0,0.0,0.0,0.0,0.0,0.0,0.0,0.0,0.0,0.06665656566619874,0.0,0.06665719747543336,0.0
2060109300,3,3,0.0,0.0,0.0,0.0,0.0,0.0,0.0,0.0,0.0,0.0,0.0,0.0,0.0,0.06665725708007812,0.0,0.06665719747543336,0.0
2060109400,3,3,0.0,0.0,0.0,0.0,0.0,0.0,0.0,0.0,0.0,0.0,0.0,0.0,0.0,0.06665725708007812,0.0,0.06665719747543336,0.0
2060109500,3,3,0.0,0.0,0.0,0.0,0.0,0.0,0.0,0.0,0.0,0.0,0.0,0.0,0.0,0.06665725708007812,0.0,0.06665719747543336,0.0
2060109600,4,4,0.0,0.0,0.0,0.0,0.0,0.0,0.0,0.0,0.0,0.0,0.0,0.0,0.0,0.06665740609169006,0.0,0.06665719747543336,0.0
2060109801,3,3,0.0,0.0,0.0,0.0,0.0,0.0,0.0,0.0,0.0,0.0,0.0,0.0,0.0,0.06665725708007812,0.0,0.06665719747543336,0.0
2060110301,2,2,0.0,0.0,0.0,0.0,0.0,0.0,0.0,0.0,0.0,0.0,0.0,0.0,0.0,0.0666569709777832,0.0,0.06665719747543336,0.0
2060110501,2,2,0.0,0.0,0.0,0.0,0.0,0.0,0.0,0.0,0.0,0.0,0.0,0.0,0.0,0.0666569709777832,0.0,0.06665719747543336,0.0
2060110201,4,4,0.0,0.0,0.0,0.0,0.0,0.0,0.0,0.0,0.0,0.0,0.0,0.0,0.0,0.06665740609169006,0.0,0.06665719747543336,0.0
2060110101,2,2,0.0,0.0,0.0,0.0,0.0,0.0,0.0,0.0,0.0,0.0,0.0,0.0,0.0,0.06665695905685425,0.0,0.06665719151496888,0.0
2060110001,2,2,0.0,0.0,0.0,0.0,0.0,0.0,0.0,0.0,0.0,0.0,0.0,0.0,0.0,0.06665695905685425,0.0,0.06665719151496888,0.0
2060109901,3,3,0.0,0.0,0.0,0.0,0.0,0.0,0.0,0.0,0.0,0.0,0.0,0.0,0.0,0.06665725708007812,0.0,0.06665719151496888,0.0
2060110401,3,3,0.0,0.0,0.0,0.0,0.0,0.0,0.0,0.0,0.0,0.0,0.0,0.0,0.0,0.06665725708007812,0.0,0.06665719747543336,0.0
2060110601,2,2,0.0,0.0,0.0,0.0,0.0,0.0,0.0,0.0,0.0,0.0,0.0,0.0,0.0,0.0666569709777832,0.0,0.06665719747543336,0.0
2060110901,2,2,0.0,0.0,0.0,0.0,0.0,0.0,0.0,0.0,0.0,0.0,0.0,0.0,0.0,0.06665696501731873,0.0,0.06665719151496888,0.0
2060110801,2,2,0.0,0.0,0.0,0.0,0.0,0.0,0.0,0.0,0.0,0.0,0.0,0.0,0.0,0.06665696501731873,0.0,0.06665719151496888,0.0
2060110701,2,2,0.0,0.0,0.0,0.0,0.0,0.0,0.0,0.0,0.0,0.0,0.0,0.0,0.0,0.06665696501731873,0.0,0.06665719747543336,0.0
