행정구역,2001,2002,2003,2004,2006,2007,2009,2010,2011,2012,2013,2014,2015,2016,2017,2018,2019,2020,2021,2022
중구,57056.0,55671.0,54371.0,53179.0,50766.0,50004.0,129465.0,132822.0,133193.0,133360.0,130465.0,128065.0,125733.0,125249.0,125709.0,125725,126171,125240,122781,60077.0
용산구,241033.0,234653.0,231871.0,230107.0,232035.0,235832.0,238708.0,244853.0,246501.0,243232.0,239740.0,235951.0,233342.0,230241.0,229161.0,228999,228670,230040,223713,233316.0
성동구,341375.0,340773.0,339368.0,339113.0,334437.0,333535.0,308058.0,309093.0,300711.0,299604.0,299337.0,296086.0,297003.0,299259.0,304808.0,308221,300889,293556,287174,330380.0
광진구,388109.0,386511.0,384929.0,380537.0,374442.0,376572.0,373998.0,375463.0,371936.0,371313.0,368927.0,363354.0,360369.0,357215.0,357703.0,355559,351350,346682,340814,378553.0
동대문구,381799.0,381841.0,382875.0,379404.0,378860.0,376421.0,362146.0,366786.0,365486.0,363258.0,364273.0,363687.0,360153.0,355069.0,350647.0,348052,346194,342837,337538,375594.0
중랑구,448928.0,442125.0,436089.0,433858.0,426078.0,427071.0,424761.0,427455.0,423706.0,419295.0,416798.0,418836.0,413909.0,411005.0,408226.0,403209,397015,394702,388218,430472.0
성북구,450602.0,443809.0,453057.0,451122.0,472843.0,469973.0,476028.0,488932.0,485171.0,481857.0,476589.0,466706.0,459275.0,450355.0,444055.0,435868,442650,437153,432081,458766.0
강북구,351404.0,361896.0,360663.0,360525.0,348990.0,345478.0,340367.0,346520.0,345054.0,343157.0,338707.0,335025.0,330873.0,327195.0,324479.0,319164,313954,308055,300278,351377.0
도봉구,371259.0,371911.0,376599.0,381939.0,377534.0,375975.0,369733.0,368298.0,365573.0,362270.0,358582.0,353709.0,351242.0,348220.0,344166.0,339413,333362,325257,318299,374861.0
노원구,646905.0,641652.0,631931.0,628184.0,618093.0,616753.0,610616.0,611230.0,603930.0,597189.0,590479.0,582552.0,574583.0,567581.0,554403.0,543752,532905,523037,512129,622534.0
은평구,467719.0,470205.0,474778.0,478087.0,464580.0,459196.0,465895.0,488109.0,493634.0,501480.0,503660.0,498644.0,497920.0,491476.0,486794.0,483197,480032,479835,473369,467566.0
서대문구,366228.0,362614.0,355753.0,352071.0,349020.0,348575.0,327451.0,324541.0,314852.0,315113.0,314110.0,310376.0,312141.0,314194.0,312800.0,310313,309397,312173,305840,347178.0
마포구,379141.0,375417.0,379451.0,383457.0,390583.0,392650.0,384013.0,391865.0,389493.0,384644.0,381856.0,385439.0,387643.0,379892.0,374915.0,375077,374035,371890,369695,383123.0
양천구,484345.0,484518.0,486962.0,495098.0,501717.0,503650.0,501395.0,500001.0,500210.0,495911.0,492528.0,486221.0,484532.0,477739.0,471154.0,464185,458165,454251,448634,494125.0
강서구,521489.0,528321.0,537003.0,541671.0,554945.0,560424.0,572836.0,574127.0,569072.0,567431.0,569070.0,585160.0,589074.0,595485.0,601691.0,596949,591796,580185,575370,546302.0
구로구,415330.0,413363.0,412845.0,416828.0,419832.0,420542.0,421967.0,423736.0,427468.0,427520.0,424964.0,425831.0,422092.0,417551.0,410742.0,404497,406664,404408,397330,416887.0
금천구,260476.0,261413.0,261224.0,259633.0,253243.0,249108.0,244835.0,245195.0,243438.0,243288.0,241020.0,238463.0,236284.0,235386.0,235154.0,233917,232810,231733,230740,253696.0
영등포구,406860.0,408753.0,403327.0,406261.0,408698.0,408178.0,405798.0,406833.0,397443.0,391408.0,386471.0,382352.0,378504.0,370613.0,368550.0,367778,367678,379480,377524,406461.0
동작구,406116.0,403047.0,410360.0,410945.0,408582.0,405967.0,397920.0,402709.0,401408.0,405491.0,410815.0,407470.0,400641.0,400997.0,396217.0,396203,395963,391220,386246,405261.0
관악구,527764.0,522207.0,522456.0,530156.0,535217.0,535571.0,529869.0,531434.0,526397.0,523029.0,518028.0,513186.0,509663.0,506851.0,503297.0,501957,500094,495060,487357,528215.0
서초구,393849.0,389256.0,394757.0,400868.0,408266.0,405969.0,425481.0,434720.0,433564.0,435044.0,441763.0,449678.0,446764.0,447192.0,441102.0,433951,430826,425126,415083,401901.0
강남구,540640.0,535138.0,528977.0,531517.0,556964.0,560958.0,562138.0,570095.0,565710.0,564197.0,563599.0,578114.0,576495.0,567115.0,556164.0,542364,545169,539231,533878,543224.0
송파구,655483.0,647037.0,619514.0,604293.0,607005.0,623876.0,681476.0,685279.0,682209.0,673115.0,668415.0,664738.0,660302.0,657831.0,664496.0,666635,675961,667960,659239,625441.0
강동구,489241.0,481470.0,477230.0,471145.0,461760.0,464546.0,484745.0,491871.0,495138.0,487905.0,483379.0,476597.0,458658.0,444168.0,436223.0,427573,436067,459970,463752,471869.0
서구,151874.0,148020.0,144305.0,142460.0,136226.0,132803.0,125785.0,126040.0,123718.0,120828.0,118783.0,118115.0,115963.0,112973.0,110039.0,110534,108229,108135,105557,136810.0
동구,124303.0,121043.0,117617.0,114204.0,106890.0,104881.0,101153.0,101514.0,100420.0,98529.0,96011.0,94565.0,92069.0,89826.0,88868.0,86912,88165,88901,87705,109601.0
영도구,179841.0,174678.0,170355.0,166054.0,158780.0,155273.0,148139.0,146798.0,143205.0,139765.0,135816.0,132102.0,129385.0,126362.0,123521.0,120109,116711,113342,111111,160462.0
부산진구,426518.0,420645.0,410603.0,405534.0,405775.0,402359.0,395689.0,395826.0,395044.0,392731.0,389765.0,387378.0,381572.0,376526.0,371703.0,362357,357880,359886,354428,405298.0
동래구,295361.0,290396.0,282056.0,279366.0,279528.0,284901.0,281644.0,282779.0,283742.0,278767.0,276689.0,275971.0,272837.0,272745.0,270727.0,266515,271247,270745,266912,282258.0
남구,302642.0,305375.0,307287.0,304481.0,297893.0,296666.0,297963.0,298458.0,295121.0,291175.0,291770.0,286989.0,283101.0,278779.0,273854.0,279917,274480,267731,263236,300809.0
북구,311481.0,320976.0,326710.0,333316.0,330446.0,325302.0,314227.0,312218.0,307988.0,312937.0,309719.0,306974.0,310484.0,310202.0,302924.0,296952,291132,283952,283766,323954.0
해운대구,407562.0,401663.0,403585.0,403432.0,418875.0,423816.0,424974.0,426729.0,425618.0,428188.0,425536.0,423531.0,422818.0,419853.0,412039.0,409347,406102,402169,397516,410811.0
사하구,383864.0,378236.0,375283.0,374248.0,366865.0,364693.0,359800.0,358730.0,355443.0,352726.0,349110.0,343371.0,337781.0,334603.0,333301.0,327791,321004,311757,306605,368604.0
금정구,285760.0,278511.0,274696.0,271046.0,263338.0,258934.0,252039.0,255419.0,254720.0,255692.0,253526.0,249856.0,246026.0,244624.0,244469.0,242956,239062,232666,229148,264672.0
연제구,226267.0,228268.0,225473.0,221853.0,214809.0,212658.0,210390.0,212696.0,213326.0,211536.0,209290.0,208012.0,210718.0,207268.0,206742.0,207840,209395,209157,205607,217622.0
수영구,181075.0,177881.0,177119.0,180576.0,177814.0,178253.0,177292.0,178267.0,176691.0,176666.0,175098.0,178480.0,179795.0,179324.0,179996.0,176246,176148,176894,175583,177937.0
사상구,300309.0,294090.0,287938.0,282097.0,271484.0,265512.0,255274.0,257843.0,254413.0,250424.0,246797.0,242953.0,237711.0,232800.0,229219.0,223361,218094,212586,209138,273521.0
기장군,76166.0,76384.0,77632.0,79788.0,79334.0,79565.0,89384.0,102557.0,108095.0,114566.0,132507.0,144748.0,153093.0,158527.0,161651.0,164864,164716,174545,176879,79536.0
수성구,456487.0,446879.0,448430.0,443881.0,440172.0,447164.0,456196.0,461988.0,461083.0,459779.0,461004.0,456505.0,451786.0,447011.0,439211.0,432759,428614,424314,418833,446181.0
달서구,599664.0,605433.0,603949.0,601467.0,589041.0,591169.0,598011.0,607083.0,606542.0,606557.0,610358.0,606433.0,602641.0,591891.0,578068.0,573413,568887,558631,547340,596998.0
달성군,156100.0,155601.0,157554.0,155905.0,158314.0,160443.0,176135.0,178899.0,180351.0,184366.0,184358.0,184902.0,192747.0,218268.0,243375.0,250543,256540,259339,262811,159303.0
미추홀구,,,,,,,,,,,,,,,,416542,408862,404343,406789,0.0
연수구,261038.0,259254.0,257564.0,255998.0,271010.0,268780.0,271497.0,279230.0,287903.0,292589.0,300305.0,310703.0,319052.0,328627.0,335142.0,346359,366550,387450,389926,262759.0
남동구,407615.0,403574.0,392478.0,384244.0,390044.0,425217.0,463414.0,473423.0,495469.0,503597.0,507021.0,514656.0,531395.0,530982.0,536578.0,537161,532704,525354,518662,404610.0
부평구,552093.0,558310.0,554027.0,557144.0,570283.0,568905.0,563920.0,567493.0,560936.0,559047.0,556985.0,556992.0,555844.0,549716.0,539941.0,524640,511577,494962,488092,560929.0
계양구,339696.0,341074.0,340175.0,337103.0,342335.0,342564.0,344039.0,347810.0,344299.0,342202.0,343806.0,339538.0,334332.0,330284.0,323784.0,312680,303471,296750,294852,340792.0
강화군,66860.0,65698.0,65044.0,65114.0,65510.0,66466.0,67049.0,67104.0,66779.0,66752.0,66735.0,67118.0,67667.0,68010.0,68754.0,68896,69178,69203,69351,65673.0
옹진군,14050.0,14120.0,14270.0,14820.0,16491.0,16980.0,18221.0,18739.0,19485.0,20039.0,20698.0,20703.0,20962.0,21351.0,21573.0,21036,20566,20455,20404,15524.0
광산구,263032.0,275301.0,286982.0,296101.0,311621.0,316101.0,342936.0,363239.0,375509.0,385101.0,392875.0,397281.0,400753.0,403049.0,404131.0,404547,405315,405579,404579,300651.0
유성구,171732.0,187346.0,193974.0,203478.0,243130.0,250523.0,266585.0,281692.0,294353.0,306312.0,313968.0,327461.0,335312.0,343222.0,348428.0,349790,349373,351047,350284,218351.0
대덕구,230939.0,229926.0,229208.0,226947.0,217332.0,213275.0,208147.0,207549.0,205339.0,205688.0,204360.0,201558.0,196839.0,192688.0,186902.0,181991,177031,176384,174662,219210.0
울주군,170265.0,171321.0,173843.0,174350.0,177103.0,183261.0,195399.0,201000.0,204680.0,207840.0,208646.0,214392.0,219429.0,219255.0,220718.0,221842,223167,222538,222030,177648.0
세종시,,,,,,,,,,113117.0,122153.0,156125.0,210884.0,243048.0,280100.0,314126,340575,355831,368276,0.0
수원시,974866.0,1019711.0,1032944.0,1033829.0,1068906.0,1067702.0,1073149.0,1077535.0,1088489.0,1120258.0,1148157.0,1174228.0,1184624.0,1194041.0,1202628.0,1201166,1194465,1186078,1185276,1045285.0
장안구,323368.0,346336.0,285539.0,283770.0,289490.0,287474.0,290798.0,293692.0,290999.0,291757.0,300908.0,301196.0,299016.0,296479.0,293828.0,286433,278377,273661,273854,293022.0
권선구,328962.0,328786.0,287059.0,287081.0,307072.0,310553.0,304097.0,306783.0,321176.0,332633.0,331773.0,339835.0,351053.0,358393.0,365653.0,377647,371754,368645,364416,301366.0
팔달구,322536.0,344589.0,216031.0,220842.0,217794.0,216945.0,219833.0,216503.0,209772.0,206794.0,204805.0,203479.0,199180.0,198515.0,193311.0,180974,175866,174930,182600,230262.0
영통구,,,244315.0,242136.0,254550.0,252730.0,258421.0,260557.0,266542.0,289074.0,310671.0,329718.0,335375.0,340654.0,349836.0,356112,368468,368842,364406,190792.0
성남시,932780.0,940974.0,962048.0,977166.0,964831.0,953960.0,962726.0,980190.0,979323.0,978615.0,979534.0,974608.0,971424.0,974580.0,967510.0,954347,942724,940064,931319,958167.0
수정구,257575.0,259763.0,260244.0,262170.0,259427.0,256744.0,242161.0,241070.0,236123.0,233997.0,228167.0,223539.0,219531.0,232841.0,236932.0,234133,234678,241701,235980,255470.0
중원구,273728.0,273671.0,274874.0,272105.0,264971.0,263101.0,259877.0,258093.0,254872.0,253883.0,256349.0,251982.0,250004.0,237909.0,230366.0,224885,220041,216131,212478,267002.0
분당구,401477.0,407540.0,426930.0,442891.0,440433.0,434115.0,460688.0,481027.0,488328.0,490735.0,495018.0,499087.0,501889.0,503830.0,500212.0,495329,488005,482232,482861,432326.0
의정부시,367171.0,378424.0,394803.0,397612.0,410938.0,421853.0,431008.0,431801.0,430400.0,429147.0,430976.0,431112.0,433937.0,438457.0,441584.0,447026,451868,461710,463665,402392.0
안양시,591670.0,595142.0,604505.0,621047.0,624280.0,624197.0,616547.0,621714.0,615642.0,611412.0,607877.0,600809.0,597789.0,597414.0,587764.0,576831,567044,550027,547258,612194.0
만안구,261508.0,269302.0,266852.0,265601.0,267612.0,265881.0,262258.0,266261.0,263077.0,253492.0,250246.0,247315.0,247270.0,252353.0,254977.0,251512,244235,239413,239203,265834.0
동안구,330162.0,325840.0,337653.0,355446.0,356668.0,358316.0,354289.0,355453.0,352565.0,357920.0,357631.0,353494.0,350519.0,345061.0,332787.0,325319,322809,310614,308055,345707.0
부천시,781091.0,816499.0,844256.0,855697.0,860020.0,864037.0,869944.0,875204.0,872452.0,869944.0,863720.0,855586.0,848987.0,851380.0,850329.0,843768,829996,818383,808047,848375.0
광명시,336309.0,340807.0,336083.0,331419.0,313372.0,313019.0,314257.0,343982.0,355226.0,355560.0,353100.0,348560.0,344978.0,339484.0,332790.0,326841,316552,298599,294458,322590.0
평택시,358263.0,358531.0,364979.0,370653.0,396765.0,402458.0,410042.0,419457.0,426886.0,434305.0,442034.0,449555.0,460532.0,470832.0,481530.0,495642,513027,537307,559363,380108.0
동두천시,74266.0,73177.0,74735.0,79214.0,85803.0,88780.0,93211.0,95653.0,96253.0,97175.0,97557.0,97595.0,97974.0,98277.0,97071.0,96226,94768,94353,93508,81088.0
안산시,590598.0,628861.0,651625.0,666784.0,698819.0,705040.0,705346.0,714891.0,715586.0,715108.0,713666.0,707876.0,697885.0,689859.0,677710.0,660343,650918,654915,654117,670460.0
상록구,,338133.0,346525.0,350368.0,369527.0,373969.0,374055.0,379136.0,380880.0,381556.0,382571.0,381508.0,379517.0,375857.0,370744.0,356311,344613,351888,351747,356032.0
단원구,,290728.0,305100.0,316416.0,329292.0,331071.0,331291.0,335755.0,334706.0,333552.0,331095.0,326368.0,318368.0,314002.0,306966.0,304032,306305,303027,302370,314393.0
고양시,811467.0,836664.0,865077.0,886000.0,910206.0,924839.0,938784.0,950115.0,961239.0,969916.0,990571.0,1006154.0,1027546.0,1039684.0,1041983.0,1044189,1066351,1079216,1080240,886832.0
덕양구,371375.0,377046.0,380711.0,385784.0,381105.0,378260.0,388777.0,394375.0,391832.0,396559.0,410491.0,424423.0,441988.0,446233.0,448684.0,450449,466157,476962,481840,381163.0
일산동구,,,,,239632.0,256493.0,261943.0,269292.0,278095.0,281949.0,283976.0,284207.0,285658.0,292612.0,293673.0,296223,297671,299716,299757,102188.0
일산서구,,,,,289469.0,290086.0,288064.0,286448.0,291312.0,291408.0,296104.0,297524.0,299900.0,300839.0,299626.0,297517,302523,302538,298643,116795.0
과천시,71201.0,70488.0,70324.0,68333.0,60482.0,62291.0,72049.0,72279.0,71955.0,71068.0,70578.0,70156.0,68946.0,63778.0,57527.0,58142,58289,63231,69910,66489.0
구리시,184816.0,193214.0,192947.0,193438.0,193847.0,196800.0,195593.0,196398.0,194881.0,192341.0,189680.0,186820.0,186721.0,193763.0,200042.0,203553,199265,197454,193014,194038.0
남양주시,375041.0,392614.0,403755.0,418360.0,470617.0,492347.0,525211.0,564141.0,578485.0,599539.0,618305.0,636256.0,653454.0,662154.0,665321.0,681828,701830,713321,729918,441095.0
오산시,114540.0,115956.0,118167.0,121326.0,136311.0,145825.0,159734.0,182516.0,193892.0,200291.0,205460.0,208565.0,206828.0,208656.0,213437.0,220070,226379,229725,230403,129808.0
시흥시,337402.0,353860.0,368223.0,378613.0,390477.0,390564.0,397912.0,403797.0,401149.0,399485.0,396765.0,394639.0,398256.0,402888.0,419664.0,448687,473682,500895,511888,377052.0
군포시,269080.0,268559.0,273765.0,275761.0,274569.0,275351.0,275731.0,287833.0,287294.0,286841.0,286344.0,288408.0,287519.0,284890.0,281205.0,276916,275852,273791,269215,273477.0
의왕시,124191.0,133395.0,143388.0,145535.0,138253.0,135009.0,140874.0,147443.0,149607.0,154757.0,159772.0,158482.0,157740.0,156763.0,155767.0,153932,161153,163795,163704,138574.0
하남시,123659.0,127541.0,128326.0,129903.0,134824.0,137131.0,148566.0,150479.0,148397.0,146269.0,145096.0,148896.0,166713.0,211101.0,232487.0,254415,272455,293452,314866,133005.0
용인시,451670.0,525622.0,575255.0,640452.0,766569.0,800294.0,839204.0,876550.0,896044.0,915959.0,941477.0,961026.0,975746.0,991126.0,1004081.0,1035126,1059609,1074176,1079609,668540.0
처인구,,,,,199397.0,202714.0,203620.0,207935.0,209200.0,210524.0,212904.0,218400.0,221347.0,226130.0,231553.0,249118,253896,257498,261166,81567.0
기흥구,,,,,282461.0,301630.0,340133.0,357935.0,368722.0,375875.0,393172.0,402206.0,409162.0,417163.0,419429.0,427719,436679,440835,442335,123607.0
수지구,,,,,284711.0,295950.0,295451.0,310680.0,318122.0,329560.0,335401.0,340420.0,345237.0,347833.0,353099.0,358289,369034,375843,376108,117858.0
파주시,224658.0,235147.0,237658.0,246323.0,292752.0,303831.0,323011.0,355632.0,378790.0,394201.0,401718.0,411348.0,423321.0,430781.0,437848.0,451848,454040,465617,479183,266396.0
이천시,187274.0,189526.0,190753.0,190808.0,194369.0,195691.0,197496.0,202595.0,204566.0,204917.0,205479.0,205014.0,204935.0,210359.0,213142.0,214206,215834,218388,224066,192541.0
안성시,141605.0,147898.0,151522.0,154110.0,159655.0,163733.0,170919.0,177937.0,180743.0,181608.0,182173.0,181896.0,180199.0,182896.0,182786.0,183579,183405,187012,189732,156481.0
김포시,180404.0,193438.0,203391.0,208192.0,207824.0,205997.0,225805.0,238339.0,256994.0,287432.0,312305.0,340310.0,349990.0,363443.0,392092.0,423170,437221,473970,485859,205588.0
화성시,210524.0,226930.0,236226.0,271563.0,310171.0,371972.0,491528.0,505838.0,516765.0,525490.0,530251.0,540862.0,596525.0,640890.0,691086.0,758722,815396,855248,881154,300605.0
광주시,152878.0,175614.0,191466.0,205641.0,222048.0,229319.0,238583.0,249789.0,265222.0,275656.0,286699.0,298858.0,312579.0,327723.0,345947.0,363782,372654,382054,386496,206228.0
양주시,,,148062.0,152596.0,169806.0,179914.0,182106.0,196706.0,200360.0,200310.0,199143.0,202072.0,205184.0,205513.0,212146.0,216951,222314,230359,236205,126553.0
포천시,,,150240.0,150364.0,157269.0,158156.0,158931.0,158658.0,157967.0,157559.0,156603.0,155798.0,155192.0,154763.0,152925.0,150676,148379,147274,148618,118115.0
여주시,,,,,,,,,,,109343.0,110386.0,111033.0,111563.0,111984.0,111525,111083,111897,112260,0.0
연천군,51655.0,50372.0,49508.0,48687.0,46075.0,45603.0,45241.0,45177.0,44900.0,45599.0,45610.0,45363.0,45725.0,45907.0,45431.0,44633,43824,43516,42797,47193.0
가평군,56045.0,55506.0,55060.0,54845.0,54855.0,55698.0,57564.0,58890.0,59358.0,60794.0,61017.0,61213.0,62008.0,62448.0,62973.0,62918,62415,62377,62241,55408.0
양평군,82704.0,82992.0,83730.0,84673.0,86298.0,87874.0,91450.0,95833.0,99430.0,102193.0,103620.0,105379.0,108316.0,111367.0,115105.0,116095,116874,118810,121188,85624.0
춘천시,251142.0,252624.0,253363.0,254323.0,256239.0,258141.0,264849.0,269950.0,272805.0,273364.0,274455.0,275791.0,277997.0,280707.0,280514.0,280640,281291,282765,283803,255803.0
원주시,274266.0,276889.0,280738.0,284628.0,294155.0,298762.0,307882.0,314678.0,320536.0,323885.0,324837.0,327292.0,332995.0,337979.0,341337.0,344070,349215,354376,356625,288434.0
강릉시,231943.0,229869.0,229073.0,227259.0,222016.0,220484.0,217464.0,218503.0,217571.0,217741.0,216806.0,215807.0,214560.0,213846.0,213952.0,212957,213442,213321,213155,223462.0
동해시,103570.0,102857.0,101764.0,100727.0,97497.0,96652.0,95271.0,95236.0,95804.0,93897.0,95143.0,94562.0,93895.0,93297.0,92851.0,91272,90522,90593,90115,98593.0
태백시,56193.0,55154.0,53948.0,53264.0,51593.0,51490.0,50424.0,50864.0,50176.0,49493.0,48794.0,48258.0,47501.0,47070.0,45888.0,44858,43866,42719,41055,52336.0
속초시,90231.0,90029.0,89047.0,87933.0,86073.0,85370.0,83822.0,84302.0,83745.0,83579.0,83109.0,82432.0,81992.0,81793.0,82273.0,81682,81786,82665,82579,86631.0
삼척시,79770.0,77434.0,75759.0,74301.0,71750.0,70791.0,71935.0,72046.0,72312.0,72463.0,73023.0,72314.0,70839.0,69599.0,68514.0,68326,67228,65243,63833,73203.0
홍천군,74019.0,72514.0,71351.0,71907.0,70037.0,70142.0,69606.0,69893.0,69899.0,69727.0,70638.0,70451.0,70336.0,70076.0,70340.0,69949,69150,69242,68499,70721.0
횡성군,45496.0,45198.0,44306.0,44297.0,42982.0,43176.0,44121.0,44254.0,44360.0,44615.0,44937.0,45373.0,45777.0,45991.0,46281.0,46726,46575,46472,46586,43870.0
영월군,52101.0,45273.0,44027.0,42406.0,40511.0,40290.0,40265.0,40407.0,40199.0,40155.0,40150.0,40191.0,40216.0,40073.0,40067.0,39730,39127,38662,38011,41755.0
평창군,46478.0,46262.0,46375.0,45311.0,44332.0,44003.0,43634.0,43622.0,43577.0,43627.0,43666.0,43660.0,43500.0,43318.0,43092.0,42610,42106,41681,41006,44780.0
정선군,49048.0,51226.0,46225.0,45419.0,43186.0,41806.0,40708.0,41045.0,40181.0,39915.0,39985.0,39425.0,39197.0,38718.0,38173.0,37700,37271,36870,35659,44096.0
철원군,52072.0,50532.0,50212.0,49650.0,48024.0,47420.0,47669.0,48928.0,48084.0,47968.0,47473.0,47590.0,48799.0,48013.0,47185.0,46413,45584,44699,43489,48679.0
화천군,24965.0,24088.0,24540.0,24267.0,23317.0,22944.0,24216.0,24364.0,24945.0,25020.0,25079.0,27143.0,27020.0,26264.0,26022.0,25084,24917,24857,24247,23787.0
양구군,23198.0,22527.0,21995.0,21692.0,21269.0,21401.0,21323.0,21843.0,22285.0,22799.0,23594.0,23888.0,24089.0,24010.0,23835.0,23408,22764,22278,21925,21615.0
인제군,33092.0,32447.0,32092.0,32443.0,32493.0,32079.0,31452.0,31842.0,31970.0,32456.0,32517.0,32475.0,33255.0,32720.0,32582.0,32136,31672,31694,32090,32098.0
고성군,34643.0,33721.0,32739.0,32361.0,31285.0,30383.0,30272.0,30112.0,30057.0,30124.0,30398.0,30269.0,30060.0,30114.0,30029.0,28144,27260,26757,27014,31553.0
양양군,30180.0,30076.0,29480.0,29187.0,28661.0,28472.0,27957.0,27929.0,27942.0,27802.0,27659.0,27521.0,27479.0,27218.0,27207.0,27347,27726,27946,28026,28838.0
청주시,592504.0,603941.0,615155.0,624288.0,626679.0,633286.0,643161.0,655971.0,661946.0,666852.0,672904.0,831521.0,831912.0,835197.0,835590.0,837749,839566,844993,848878,622005.0
서원구,,,,,,,,,,,,224727.0,220045.0,217120.0,216782.0,209404,203209,194720,192953,0.0
청원구,,,,,,,,,,,,174975.0,182017.0,190813.0,193767.0,197225,195868,194373,194342,0.0
상당구,235272.0,240972.0,249306.0,255214.0,256339.0,250558.0,243777.0,241589.0,241621.0,240433.0,246128.0,179792.0,176424.0,173701.0,171129.0,176818,178352,190034,193772,248292.0
흥덕구,357232.0,362969.0,365849.0,369074.0,370340.0,382728.0,399384.0,414382.0,420325.0,426419.0,426776.0,252027.0,253426.0,253563.0,253912.0,254302,262137,265866,267811,372650.0
충주시,215249.0,211980.0,209138.0,207534.0,204610.0,205064.0,206613.0,208481.0,208433.0,208447.0,208115.0,208527.0,207913.0,208350.0,208316.0,210504,210737,210186,209499,207010.0
제천시,144968.0,143231.0,140676.0,138872.0,136398.0,136218.0,135580.0,137264.0,137689.0,137521.0,137204.0,136805.0,136138.0,136517.0,136432.0,135386,134617,133018,131902,137971.0
보은군,42082.0,40420.0,38973.0,38062.0,36293.0,35354.0,34845.0,34956.0,34717.0,34438.0,34318.0,34240.0,34296.0,34221.0,34053.0,33680,32949,32412,31863,36942.0
옥천군,59515.0,58461.0,57505.0,56634.0,54923.0,54608.0,54117.0,54025.0,53496.0,53244.0,52763.0,52469.0,52404.0,52267.0,51766.0,51465,51023,50527,50194,55735.0
영동군,57184.0,55752.0,54036.0,52597.0,50819.0,50131.0,50426.0,50523.0,50621.0,50663.0,50539.0,50803.0,50693.0,50552.0,50240.0,49715,48738,47475,45938,51901.0
증평군,,,31310.0,30899.0,30483.0,31145.0,33164.0,33533.0,34009.0,34279.0,34546.0,34771.0,36671.0,37308.0,37783.0,37317,37392,36807,36371,23928.0
진천군,60309.0,59699.0,59724.0,60347.0,60111.0,60154.0,61456.0,62094.0,63051.0,63458.0,64606.0,65174.0,67981.0,69950.0,73677.0,78218,81084,83718,85051,60135.0
괴산군,43126.0,41827.0,40411.0,39586.0,37570.0,36873.0,36775.0,36827.0,37333.0,37713.0,38059.0,38351.0,38787.0,38973.0,39054.0,39133,39163,39393,36843,38477.0
음성군,87289.0,86562.0,85771.0,85638.0,86789.0,88355.0,89716.0,91093.0,91644.0,92980.0,93505.0,95324.0,96396.0,97787.0,97306.0,95830,94982,93153,92004,86858.0
단양군,38721.0,37320.0,35701.0,34743.0,33346.0,32399.0,31842.0,31817.0,31595.0,31253.0,31171.0,30948.0,30761.0,30503.0,30215.0,30255,29756,29155,28405,33862.0
당진시,,,,,,,,,,155104.0,159615.0,162844.0,165122.0,166630.0,167439.0,167770,167042,166249,166802,0.0
천안시,432534.0,441243.0,456501.0,503082.0,523323.0,531956.0,540832.0,557673.0,571377.0,581988.0,591089.0,598346.0,605776.0,617955.0,631531.0,646075,652258,658808,658107,492278.0
동남구,,,,,,,237854.0,247323.0,252942.0,257908.0,260575.0,261768.0,261474.0,258919.0,255878.0,257978,259411,258009,255504,22665.0
서북구,,,,,,,302978.0,310350.0,318435.0,324080.0,330514.0,336578.0,344302.0,359036.0,375653.0,388097,392847,400799,402603,28720.0
공주시,133978.0,132584.0,130957.0,130280.0,128330.0,126612.0,124172.0,124930.0,124748.0,117298.0,116369.0,113621.0,111261.0,109931.0,108432.0,107581,106474,104545,103321,128284.0
보령시,116306.0,113365.0,110380.0,108861.0,107591.0,107637.0,106754.0,107346.0,106421.0,105559.0,104938.0,104321.0,104754.0,103873.0,103198.0,101990,101114,100229,98535,108670.0
아산시,186469.0,191123.0,193122.0,200938.0,211560.0,221490.0,256449.0,265191.0,274523.0,280490.0,287073.0,293954.0,297737.0,302929.0,311453.0,312822,314395,316129,323789,208150.0
서산시,150116.0,148150.0,151818.0,150131.0,150889.0,153569.0,158886.0,160468.0,161489.0,163315.0,165837.0,167611.0,170099.0,170788.0,171678.0,174162,174690,175591,176595,151589.0
논산시,140287.0,137419.0,135719.0,135572.0,131466.0,129486.0,127097.0,127507.0,127533.0,126653.0,125844.0,124784.0,124232.0,123213.0,122240.0,120230,118842,116675,114769,132084.0
계룡시,,,31058.0,31174.0,36846.0,37775.0,42760.0,43088.0,42942.0,41550.0,40957.0,40552.0,41730.0,42634.0,43967.0,43731,42971,42822,43093,27252.0
금산군,62985.0,61350.0,60740.0,60048.0,57552.0,57690.0,56220.0,56555.0,56030.0,55715.0,55441.0,55166.0,54879.0,54612.0,53894.0,53222,52257,51413,50597,58572.0
부여군,90373.0,88014.0,85275.0,83260.0,79595.0,77916.0,75564.0,75029.0,74004.0,73259.0,72547.0,71754.0,71143.0,70187.0,69086.0,68078,66740,65354,63923,80774.0
서천군,72787.0,70116.0,67414.0,65650.0,62629.0,61168.0,60066.0,60085.0,59541.0,58920.0,58441.0,57713.0,56910.0,56012.0,55175.0,53922,52805,51866,50884,63824.0
청양군,40029.0,38588.0,36992.0,35626.0,34086.0,33604.0,32613.0,32541.0,32291.0,32087.0,32155.0,32248.0,32485.0,32753.0,32837.0,32296,31717,30948,30399,34855.0
홍성군,93558.0,91377.0,94658.0,91223.0,89555.0,88685.0,87631.0,88078.0,88108.0,88415.0,89704.0,91866.0,94553.0,99971.0,101570.0,101082,100423,100102,99407,90084.0
예산군,100289.0,97786.0,95029.0,91832.0,89585.0,88670.0,87163.0,87002.0,86421.0,85876.0,85205.0,84919.0,83484.0,81339.0,80338.0,80083,79238,78084,76974,90962.0
태안군,67878.0,66062.0,63930.0,63764.0,63754.0,63042.0,63095.0,63247.0,62747.0,62548.0,62416.0,62574.0,63484.0,63900.0,63932.0,63238,62743,62214,61782,63748.0
전주시,622283.0,624485.0,618819.0,622472.0,624849.0,623926.0,635007.0,641525.0,645894.0,648863.0,650082.0,652877.0,652282.0,651744.0,648964.0,651091,654394,657432,658216,623982.0
완산구,335556.0,342063.0,342672.0,345623.0,351051.0,348930.0,352737.0,357919.0,362636.0,363986.0,363694.0,364872.0,365605.0,361845.0,359012.0,345065,338839,339718,337186,346409.0
덕진구,286727.0,282422.0,276147.0,276849.0,273798.0,274996.0,282270.0,283606.0,283258.0,284877.0,286388.0,288005.0,286677.0,289899.0,289952.0,306026,315555,317714,321030,277101.0
군산시,276717.0,272007.0,268639.0,265168.0,260989.0,260562.0,266922.0,272601.0,275659.0,278341.0,278319.0,278098.0,278398.0,277551.0,274997.0,272645,270131,267859,265504,264932.0
익산시,334757.0,330101.0,325238.0,322378.0,315094.0,313590.0,306669.0,307289.0,309804.0,306469.0,306539.0,304117.0,302061.0,300479.0,300187.0,294062,287771,282276,278798,317324.0
정읍시,151813.0,139133.0,155319.0,132285.0,126249.0,124239.0,121545.0,122000.0,120466.0,119392.0,118328.0,117183.0,115977.0,115173.0,113776.0,112169,110541,108508,106814,130921.0
남원시,103977.0,100392.0,101950.0,96243.0,91265.0,89247.0,87675.0,87775.0,87455.0,87000.0,86460.0,85643.0,84856.0,84188.0,83281.0,82554,81441,80662,79649,93424.0
김제시,115244.0,110989.0,110710.0,105195.0,100238.0,97615.0,94770.0,94346.0,93111.0,92317.0,91218.0,90108.0,88721.0,87782.0,86926.0,85331,83895,82450,81106,102066.0
완주군,86719.0,84626.0,83649.0,82482.0,83199.0,82972.0,83885.0,85119.0,84660.0,86164.0,86978.0,90377.0,95303.0,95480.0,95975.0,94444,92220,91609,91093,83338.0
진안군,32635.0,30439.0,30475.0,30757.0,27122.0,30250.0,27558.0,27543.0,28473.0,26963.0,26703.0,26474.0,26203.0,26069.0,26271.0,25963,25697,25394,24941,29149.0
무주군,30333.0,27894.0,26716.0,26183.0,25417.0,26361.0,25811.0,25578.0,25863.0,25321.0,25398.0,25390.0,25220.0,24949.0,24809.0,24589,24303,24036,23769,26246.0
장수군,30445.0,26349.0,29445.0,26788.0,24209.0,26687.0,23478.0,23386.0,23215.0,23191.0,23243.0,23335.0,23277.0,23628.0,23003.0,23221,22441,22085,21731,25785.0
임실군,37439.0,35071.0,34283.0,33008.0,31976.0,31952.0,30703.0,30593.0,30789.0,29956.0,29739.0,29966.0,30271.0,30197.0,30162.0,30072,28902,27314,26717,32549.0
순창군,33892.0,32329.0,31482.0,31814.0,32485.0,32035.0,30179.0,30209.0,29497.0,30055.0,30272.0,30368.0,30248.0,29949.0,29698.0,29209,28382,27810,26980,31574.0
고창군,74286.0,69657.0,69639.0,65203.0,62030.0,60962.0,60102.0,60861.0,60065.0,60440.0,60522.0,60090.0,60046.0,60597.0,60472.0,57041,55504,54529,53534,63848.0
부안군,75914.0,70374.0,68066.0,66766.0,63243.0,61879.0,60204.0,60138.0,59080.0,58869.0,59164.0,57534.0,56848.0,57005.0,56086.0,54441,53295,52140,50918,64394.0
목포시,245344.0,244909.0,241460.0,241717.0,241679.0,243312.0,244339.0,245422.0,244871.0,245073.0,240936.0,239109.0,238382.0,237739.0,234379.0,232327,229861,224044,219150,242642.0
여수시,320146.0,315536.0,310350.0,305312.0,297489.0,295439.0,293546.0,293488.0,292750.0,292217.0,291366.0,290900.0,290168.0,288988.0,286382.0,283300,282786,280242,277008,301401.0
순천시,271734.0,271139.0,269843.0,270059.0,269940.0,270380.0,269516.0,272620.0,272201.0,273798.0,275668.0,277188.0,278765.0,278548.0,279331.0,279389,279598,282189,281787,270048.0
나주시,105832.0,102825.0,101708.0,99308.0,96417.0,95439.0,90875.0,90118.0,88243.0,88067.0,87754.0,90669.0,98182.0,104376.0,110110.0,113839,114664,115613,116711,96990.0
광양시,138238.0,137913.0,136484.0,137601.0,138237.0,138865.0,143461.0,145512.0,150725.0,150837.0,151621.0,152097.0,153587.0,155580.0,155857.0,156564,156750,151769,150154,138333.0
담양군,53268.0,51535.0,50933.0,50613.0,50332.0,50441.0,47286.0,47808.0,47819.0,47612.0,47365.0,47177.0,47009.0,47229.0,47285.0,46917,46535,46280,46198,49931.0
곡성군,38767.0,36754.0,35297.0,34396.0,33631.0,33311.0,32084.0,31886.0,31332.0,30878.0,31009.0,30732.0,30672.0,30400.0,30131.0,29624,28887,28039,27616,33958.0
구례군,32948.0,31755.0,30509.0,30232.0,28837.0,28203.0,27518.0,27375.0,27422.0,27077.0,27115.0,27170.0,27308.0,27412.0,27525.0,27117,26563,25719,25121,29231.0
고흥군,95864.0,92715.0,91518.0,86747.0,81068.0,78589.0,75127.0,73924.0,72607.0,71560.0,70631.0,69641.0,68601.0,67656.0,66736.0,65777,64913,63922,62930,83034.0
보성군,59417.0,57282.0,55983.0,54288.0,51948.0,50921.0,49048.0,48792.0,47894.0,47050.0,46385.0,45882.0,45349.0,44469.0,43755.0,42803,41420,40482,39564,52692.0
화순군,79219.0,78443.0,76123.0,75023.0,72615.0,71551.0,69675.0,69368.0,68985.0,68378.0,67829.0,66772.0,65848.0,65303.0,64680.0,63933,62737,62522,62598,73344.0
장흥군,51738.0,50232.0,47837.0,46568.0,44451.0,43468.0,42097.0,42394.0,42552.0,42672.0,43004.0,43190.0,43513.0,40669.0,40136.0,39312,38563,37800,36701,45251.0
강진군,50846.0,46381.0,44743.0,43550.0,41938.0,41352.0,41164.0,41624.0,41599.0,40241.0,40079.0,39861.0,38758.0,37753.0,36868.0,36144,35286,34597,33860,42819.0
해남군,96445.0,92323.0,89981.0,87736.0,84338.0,82529.0,81148.0,79579.0,78346.0,78150.0,77684.0,76981.0,76194.0,75121.0,73604.0,71901,70354,68806,67425,85572.0
영암군,64391.0,64637.0,63267.0,62336.0,61546.0,60742.0,59837.0,60082.0,60139.0,59997.0,59061.0,58852.0,58137.0,57045.0,55616.0,54731,54593,53699,53000,61755.0
무안군,68904.0,65976.0,63681.0,62472.0,61766.0,63674.0,72417.0,74475.0,75718.0,75741.0,79367.0,81696.0,82236.0,82109.0,82872.0,81991,81105,86132,90488,64310.0
함평군,43522.0,41965.0,42119.0,40205.0,38647.0,37998.0,37089.0,36702.0,36134.0,35780.0,35610.0,35090.0,34876.0,34397.0,34328.0,33420,32861,32050,31379,39302.0
영광군,70120.0,67055.0,64148.0,62959.0,60045.0,58837.0,57037.0,57362.0,56863.0,57224.0,57617.0,56833.0,56267.0,55618.0,54774.0,54127,53852,53099,52113,61029.0
장성군,54687.0,52542.0,51493.0,50200.0,47870.0,47410.0,46214.0,46514.0,46245.0,46289.0,46292.0,46273.0,46360.0,46104.0,46111.0,45795,45739,44464,43553,48849.0
완도군,65397.0,62964.0,61145.0,59950.0,57464.0,56201.0,54301.0,54269.0,54037.0,53871.0,53619.0,53174.0,53014.0,52668.0,52109.0,51477,50689,49916,48861,58098.0
진도군,41139.0,39619.0,38382.0,37329.0,35953.0,35206.0,33931.0,33743.0,33502.0,33208.0,32998.0,32746.0,32476.0,32078.0,31765.0,31219,30715,31227,30110,36364.0
신안군,51342.0,49704.0,50726.0,47591.0,46714.0,45968.0,45294.0,45428.0,44355.0,43898.0,44162.0,43747.0,43294.0,42652.0,42070.0,41263,40274,38938,38326,47293.0
포항시,515039.0,511667.0,508850.0,507129.0,505008.0,505555.0,509475.0,514755.0,517088.0,518913.0,519467.0,519368.0,519584.0,516775.0,513832.0,510013,507025,502916,503179,507501.0
경주시,287506.0,284589.0,281177.0,277870.0,273419.0,272206.0,267466.0,267098.0,265488.0,264091.0,263283.0,261535.0,259773.0,259452.0,257903.0,256864,255402,253502,252403,275025.0
김천시,150858.0,146666.0,150306.0,143527.0,139682.0,139084.0,135918.0,136136.0,136185.0,135504.0,135259.0,135456.0,140132.0,142256.0,142908.0,141104,141229,140548,140149,141595.0
안동시,181838.0,179326.0,175677.0,174037.0,168733.0,167916.0,167432.0,167886.0,168157.0,168302.0,168461.0,168697.0,169221.0,168798.0,166272.0,162180,160052,158907,157317,171328.0
구미시,344159.0,350011.0,355629.0,365681.0,386465.0,391897.0,396419.0,404920.0,413446.0,416949.0,419428.0,420320.0,419915.0,419891.0,421799.0,421494,419742,416328,413366,370872.0
영주시,128707.0,126040.0,123806.0,121513.0,116965.0,115083.0,113309.0,113926.0,114148.0,113547.0,112625.0,110780.0,109735.0,109247.0,108371.0,106801,105067,103119,101929,118557.0
영천시,117991.0,115401.0,112423.0,109520.0,105029.0,105819.0,103115.0,103190.0,104182.0,101798.0,100778.0,100689.0,100648.0,100521.0,100615.0,101595,102470,102015,101681,107726.0
상주시,122047.0,118999.0,115337.0,112585.0,108280.0,106600.0,106208.0,105607.0,104685.0,104182.0,103346.0,102892.0,102374.0,101799.0,100947.0,100297,100688,97228,95677,110424.0
문경시,89091.0,83749.0,81258.0,79552.0,76177.0,74780.0,76645.0,77391.0,76727.0,75899.0,75664.0,75911.0,75784.0,74702.0,73294.0,71874,72242,71406,71223,78097.0
경산시,215995.0,218446.0,216240.0,219579.0,234839.0,236881.0,236459.0,240708.0,243684.0,246358.0,248805.0,253968.0,256888.0,258037.0,259485.0,261093,263185,263728,268431,225345.0
군위군,34055.0,31654.0,29762.0,28825.0,26687.0,25781.0,24966.0,24736.0,24268.0,24119.0,24172.0,24170.0,24126.0,24171.0,24215.0,23919,23843,23256,22894,27498.0
의성군,73872.0,70863.0,68372.0,66124.0,62947.0,61366.0,59109.0,58832.0,57744.0,57043.0,56064.0,55212.0,54477.0,54014.0,53474.0,52944,52595,51724,50739,64012.0
청송군,33517.0,32323.0,31313.0,30099.0,28465.0,27862.0,26917.0,26715.0,26569.0,26481.0,26470.0,26453.0,26384.0,26301.0,26006.0,25678,25416,25044,24605,29128.0
영양군,22172.0,21385.0,20772.0,20205.0,19615.0,19119.0,18553.0,18451.0,18241.0,18208.0,18297.0,18197.0,17898.0,17713.0,17479.0,17356,16993,16692,16330,19758.0
영덕군,49593.0,52602.0,46965.0,45826.0,46460.0,43470.0,41710.0,41377.0,40794.0,40257.0,40142.0,39586.0,39191.0,39052.0,38529.0,38108,37361,36313,35497,45519.0
청도군,51268.0,50716.0,50141.0,47678.0,46144.0,45515.0,44279.0,44391.0,44298.0,43968.0,43788.0,43993.0,43724.0,43564.0,43346.0,43057,42910,42263,41736,46958.0
고령군,36796.0,35978.0,34942.0,34522.0,34777.0,34907.0,34535.0,34678.0,35455.0,35343.0,35198.0,35033.0,34594.0,34257.0,33768.0,32969,32373,31361,30694,34850.0
성주군,50380.0,51761.0,48655.0,47731.0,46358.0,45680.0,45616.0,45289.0,45640.0,45127.0,45067.0,44981.0,45029.0,45205.0,45138.0,44672,44015,43414,42781,47219.0
칠곡군,104743.0,105844.0,105843.0,106475.0,111390.0,113851.0,117288.0,119087.0,118838.0,119786.0,121182.0,122058.0,122829.0,123199.0,120864.0,118828,117047,114758,113843,109264.0
예천군,58081.0,55746.0,53649.0,52132.0,50218.0,48866.0,47306.0,47049.0,46579.0,46027.0,45573.0,45104.0,44674.0,46166.0,49253.0,53274,55100,55613,55809,50771.0
봉화군,41364.0,39852.0,39439.0,37526.0,35608.0,35046.0,34297.0,34567.0,34192.0,33934.0,33894.0,34023.0,33808.0,33539.0,33259.0,32843,32150,31494,30807,36551.0
울진군,65688.0,63511.0,61031.0,58590.0,55076.0,53955.0,52529.0,52430.0,52045.0,51844.0,51953.0,52104.0,51885.0,51738.0,50974.0,50036,49314,48716,47941,56692.0
울릉군,9944.0,9615.0,9245.0,9191.0,10235.0,10125.0,10325.0,10701.0,10742.0,10673.0,10524.0,10264.0,10153.0,10001.0,9975.0,9832,9617,9077,8894,9701.0
창원시,524068.0,513659.0,510439.0,507161.0,503881.0,503930.0,502727.0,1090181.0,1091881.0,1091471.0,1083731.0,1075168.0,1070064.0,1063907.0,1057032.0,1053601,1044740,1036738,1033729,506203.0
의창구,,,,,,,,251647.0,254419.0,255394.0,255816.0,258250.0,256471.0,252435.0,253349.0,252896,258582,262408,218234,0.0
성산구,,,,,,,,251073.0,247720.0,246801.0,242870.0,238414.0,234399.0,231571.0,227942.0,227337,220945,214570,252396,0.0
마산합포구,,,,,,,,186420.0,186399.0,185505.0,183365.0,182223.0,181670.0,181797.0,181917.0,180535,177784,175716,181146,0.0
마산회원구,,,,,,,,225182.0,223235.0,221388.0,219558.0,214291.0,211791.0,210791.0,203926.0,199457,193807,191289,187533,0.0
진해구,,,,,,,,175859.0,180108.0,182383.0,182122.0,181990.0,185733.0,187313.0,189898.0,193376,193622,192755,194420,0.0
진주시,339906.0,339943.0,337319.0,337425.0,333554.0,330756.0,331720.0,335037.0,335502.0,337314.0,337071.0,340241.0,344426.0,346739.0,346681.0,345987,347334,348096,347569,334477.0
통영시,135547.0,134107.0,133420.0,132959.0,133127.0,134431.0,137415.0,140297.0,140195.0,139347.0,139719.0,139439.0,139168.0,138160.0,135833.0,133720,131404,128293,125744,133955.0
사천시,119305.0,117076.0,114556.0,112670.0,112300.0,112499.0,112724.0,114148.0,114133.0,115321.0,116851.0,116485.0,115452.0,114912.0,114252.0,113888,111925,111105,110108,113311.0
김해시,353768.0,390292.0,407368.0,427432.0,453728.0,464964.0,492413.0,503348.0,507062.0,513260.0,522049.0,527240.0,528865.0,529422.0,532132.0,533672,542455,542338,538682,432691.0
밀양시,122999.0,120342.0,117732.0,115459.0,112025.0,111473.0,110170.0,110479.0,109329.0,108755.0,108342.0,107765.0,107896.0,108354.0,107898.0,106744,105552,104831,103667,113834.0
거제시,178980.0,182035.0,186208.0,190141.0,201412.0,208208.0,225522.0,228355.0,232787.0,236944.0,242077.0,248287.0,255828.0,257183.0,254073.0,250516,248276,245754,241879,196086.0
양산시,200694.0,205958.0,210424.0,213695.0,226425.0,231956.0,250387.0,260239.0,266403.0,270460.0,279565.0,292376.0,301291.0,317037.0,338535.0,348639,350759,352229,353783,220250.0
의령군,33494.0,32751.0,32766.0,32371.0,31625.0,31418.0,30496.0,30162.0,30045.0,30329.0,29417.0,29209.0,28544.0,28111.0,27849.0,27667,27168,26800,26370,31749.0
함안군,65368.0,64318.0,63435.0,62081.0,63460.0,64865.0,66582.0,67207.0,66971.0,67425.0,67667.0,68741.0,69156.0,68937.0,68207.0,67025,65700,64182,62788,63857.0
창녕군,71047.0,69220.0,67313.0,66074.0,63476.0,62255.0,61252.0,61714.0,62490.0,62966.0,63447.0,63502.0,63817.0,63982.0,64101.0,63396,62331,61301,60102,64391.0
남해군,57916.0,55958.0,54392.0,53129.0,50792.0,55026.0,50244.0,49328.0,50242.0,48223.0,47244.0,46638.0,45865.0,45129.0,44642.0,43990,43622,42958,42372,52850.0
하동군,60298.0,56777.0,58010.0,54881.0,52898.0,55526.0,52010.0,51509.0,53975.0,50806.0,50177.0,49223.0,50259.0,49622.0,48831.0,47533,46574,44785,43572,54621.0
산청군,39863.0,38726.0,37783.0,36849.0,35704.0,35274.0,34921.0,35591.0,35651.0,35691.0,35935.0,35849.0,36071.0,36098.0,36340.0,35952,35417,34857,34416,36280.0
함양군,45184.0,43982.0,42760.0,41922.0,41162.0,40637.0,40626.0,41197.0,41081.0,40714.0,40692.0,40584.0,40339.0,40241.0,40175.0,40044,39637,39080,38475,41615.0
거창군,68574.0,67224.0,66370.0,65615.0,63917.0,63979.0,63180.0,63421.0,63146.0,63103.0,63177.0,63137.0,63232.0,63308.0,62763.0,62455,62179,61502,61242,64767.0
합천군,59599.0,57649.0,60160.0,57909.0,55104.0,55450.0,52973.0,51092.0,50608.0,50279.0,50290.0,50457.0,49145.0,48026.0,47000.0,45916,45204,44006,43029,56095.0
제주시,284498.0,289874.0,292124.0,296068.0,403601.0,405458.0,410378.0,417539.0,422790.0,429656.0,438165.0,448834.0,459876.0,470665.0,478700.0,485946,489405,492466,493225,338620.0
서귀포시,85129.0,84601.0,83275.0,83770.0,154895.0,153800.0,152285.0,153716.0,153366.0,154057.0,155641.0,158512.0,164519.0,170932.0,178383.0,181245,181584,182169,183344,112012.0
