,OBJECTID,Id,NODE_TYPE,NODE_NAME,TURN_P,REMARK,USERID,WORKSTATE,TMPID,IDCHECK,ORDERID,DEPT_CODE,STNL_REG,ID½Å±ÔºÎ¿©,latitude,longitude
0,37653,2060004400,101,ÆÇ±³IC¾Õ»ç°Å¸®,1,,sn_si-kg,5,999,,,00000,206,,37.39619980732425,127.10298966807443
1,37654,2060003700,101,-,0,,sn_si-kg,5,999,,,00000,206,,37.393905369728884,127.10067360538153
2,37656,2060003500,101,-,0,,sn_si-kg,5,999,,,00000,206,,37.39154290111992,127.06747682429466
3,37657,2060003400,104,-,0,,sn_si-kg,5,999,,,00000,206,,37.391425651111035,127.06841523085939
4,37658,2060003300,101,-,0,,sn_si-kg,5,999,,,00000,206,,37.3913514642382,127.06432576178202
5,37659,2060002800,101,¿îÁßIC,0,,sn_si-kg,5,999,,,00000,206,,37.390670339316955,127.0604773865515
6,37660,2060002400,101,³«»ý³óÇù»ï°Å¸®,0,,sn_si-kg,5,999,,,00000,206,,37.38858865163604,127.10174204311977
7,37661,2060001800,104,¹éÇö°í°¡Â÷·Î,0,,sn_si-kg,5,999,,,00000,206,,37.382152120235446,127.10229207476823
8,37662,2060001700,104,¹éÇö°í°¡Â÷µµ,0,,sn_si-kg,5,999,,,00000,206,,37.38125621383119,127.1021860429023
9,37663,2060001500,101,-,1,,sn_si-kg,5,999,,,00000,206,,37.37781996371251,127.13785698030028
10,37664,2060001300,101,Àå¾È»ï°Å¸®,0,,sn_si-kg,5,999,,,00000,206,,37.37452377670462,127.14237076210156
11,37665,2060001200,101,-,1,,sn_si-kg,5,999,,,00000,206,,37.373728120424914,127.14534573106562
12,37666,2060001100,101,À²µ¿°ø¿øÀÔ±¸»ï°Å¸®,1,,sn_si-kg,5,999,,,00000,206,,37.37223396432239,127.14707226208805
13,37667,2060001000,101,-,1,,sn_si-kg,5,999,,,00000,206,,37.37208337015062,127.14718388683764
14,37668,2060000900,101,-,1,,sn_si-kg,5,999,,,00000,206,,37.370956088872674,127.147602012226
15,37669,2060000800,101,-,1,,sn_si-kg,5,999,,,00000,206,,37.36960946385108,127.14816729277868
16,37670,2060000700,101,-,1,,sn_si-kg,5,999,,,00000,206,,37.368855557697316,127.14863582426744
17,37671,2060000600,101,-,0,,sn_si-kg,5,999,,,00000,206,,37.36310396344402,127.14938441812603
18,37672,2060000500,105,-,0,,sn_si-kg,5,999,,,00000,206,,37.360526026270065,127.1475467309009
19,37673,2060000100,101,¸Ó³»±³Â÷·Î,0,,sn_si-kg,5,999,,,00000,206,,37.34253899482951,127.10234182436352
20,37678,2060043100,104,ÇÏÅ¾ÁöÇÏÂ÷µµ,0,,sn_si-kg,5,999,,,00000,206,,37.40285483890449,127.12825623110427
21,37684,2060052100,101,-,0,,sn_si-kg,5,999,,,00000,206,,37.41233627684551,127.12398813688674
22,37685,2060054600,101,-,0,,sn_si-kg,5,999,,,00000,206,,37.413844807711314,127.12398788687517
23,37686,2060054500,101,-,0,,sn_si-kg,5,999,,,00000,206,,37.41383458871513,127.12500216834019
24,37687,2060052300,101,-,0,,sn_si-kg,5,999,,,00000,206,,37.41234099558818,127.12500891775198
25,37688,2060050100,101,-,0,,sn_si-kg,5,999,,,00000,206,,37.410372089185046,127.13044029310834
26,37689,2060050800,101,-,1,,sn_si-kg,5,999,,,00000,206,,37.41131815167813,127.12870826183246
27,37690,2060050900,101,-,0,,sn_si-kg,5,999,,,00000,206,,37.411336808113674,127.12954516821492
28,37691,2060052500,101,-,0,,sn_si-kg,5,999,,,00000,206,,37.41234368276241,127.1295442931746
29,37694,2060027000,103,-,0,,sn_si-kg,5,999,,,00000,206,,37.374741807438056,127.1209694806571
30,37695,2060029400,101,-,0,,sn_si-kg,5,999,,,00000,206,,37.37733633890207,127.11623951173249
31,37696,2060001702,101,-,0,,sn_si-kg,5,999,,,00000,206,,37.369615589133446,127.10166654323677
32,37697,2060023400,102,-,0,,sn_si-kg,5,999,,,00000,206,,37.37081705728423,127.09280551159088
33,37698,2060002801,101,-,0,,sn_si-kg,5,999,,,00000,206,,37.390309932416415,127.05756885590165
34,37699,2060030400,102,-,0,,sn_si-kg,5,999,,,00000,206,,37.378253463910255,127.04798423065029
35,37700,2060039300,101,-,0,,sn_si-kg,5,999,,,00000,206,,37.389140713953566,127.05923848052396
36,37701,2060040900,101,-,0,,sn_si-kg,5,999,,,00000,206,,37.391904651607604,127.0647147932034
37,37702,2060002600,101,-,0,º¸¿Ï,sn_si-kg,5,999,,,00000,206,,37.3888548077893,127.09394885565962
38,37703,2060030200,102,-,0,,sn_si-kg,5,999,,,00000,206,,37.37801287008642,127.07920301228899
39,37704,2060040700,101,-,0,,sn_si-kg,5,999,,,00000,206,,37.391755838992765,127.0623328551718
40,37705,2060040300,101,-,0,,sn_si-kg,5,999,,,00000,206,,37.390936276035575,127.06361576142899
41,37706,2060033900,101,-,0,,sn_si-kg,5,999,,,00000,206,,37.38222243282894,127.08264676185411
42,37707,2060034200,101,-,0,,sn_si-kg,5,999,,,00000,206,,37.38273337004938,127.08490151146896
43,37708,2060001900,101,¾È°ñÀÔ±¸»ï°Å¸®,0,º¸¿Ï,sn_si-kg,5,999,,,00000,206,,37.38284380769392,127.13219554308034
44,37709,2060002000,101,»õ¸¶À»¿¬¼ö¿øÀÔ±¸»ï°Å¸®,1,º¸¿Ï,sn_si-kg,5,999,,,00000,206,,37.383861869908685,127.13056269982974
45,37710,2060035800,104,ÀÌ¸ÅÁöÇÏÂ÷µµ,0,º¸¿Ï,sn_si-kg,5,999,,,00000,206,,37.38484658885994,127.1252478244478
46,37711,2060002100,101,ÀÌ¸Å»ç°Å¸®,1,º¸¿Ï,sn_si-kg,5,999,,,00000,206,,37.38623208887492,127.12678554281001
47,37712,2060002500,101,-,1,º¸¿Ï,sn_si-kg,5,999,,,00000,206,,37.388964870416544,127.12377185533467
48,37713,2060002200,101,-,1,º¸¿Ï,sn_si-kg,5,999,,,00000,206,,37.38780849517161,127.12504194985013
49,37714,2060038600,104,ÀÌ¸ÅÁöÇÏÂ÷µµ,0,º¸¿Ï,sn_si-kg,5,999,,,00000,206,,37.38787521407431,127.12779663707772
50,37715,2060039700,101,-,0,,sn_si-kg,5,999,,,00000,206,,37.39008249477456,127.1282273556725
51,37716,2060040000,101,-,0,º¸¿Ï,sn_si-kg,5,999,,,00000,206,,37.39071474514077,127.12820879276649
52,37717,2060041100,101,-,1,,sn_si-kg,5,999,,,00000,206,,37.39310590122312,127.12827091793235
53,37718,2060041000,101,-,0,º¸¿Ï,sn_si-kg,5,999,,,00000,206,,37.39232418263629,127.12445310526164
54,37719,2060040200,101,-,0,º¸¿Ï,sn_si-kg,5,999,,,00000,206,,37.39072658921191,127.1262256366058
55,37720,2060038900,101,»õ¸¶À»±æ,0,º¸¿Ï,sn_si-kg,5,999,,,00000,206,,37.38848077616001,127.12311648070101
56,37721,2060038500,101,-,0,º¸¿Ï,sn_si-kg,5,999,,,00000,206,,37.387859776312325,127.1238252615733
57,37722,2060038400,101,-,0,º¸¿Ï,sn_si-kg,5,999,,,00000,206,,37.38736412037184,127.12313369912056
58,37723,2060038300,101,-,1,º¸¿Ï,sn_si-kg,5,999,,,00000,206,,37.38735715152541,127.12439857397112
59,37724,2060038000,101,-,0,º¸¿Ï,sn_si-kg,5,999,,,00000,206,,37.386875057361124,127.12492891856095
60,37725,2060037900,101,-,0,º¸¿Ï,sn_si-kg,5,999,,,00000,206,,37.38684836997987,127.12368210569412
61,37726,2060037400,101,-,0,º¸¿Ï,sn_si-kg,5,999,,,00000,206,,37.38636605728033,127.12425832470058
62,37727,2060036900,101,-,0,º¸¿Ï,sn_si-kg,5,999,,,00000,206,,37.38576321384511,127.12346426201964
63,37728,2060030700,101,-,1,º¸¿Ï,sn_si-kg,5,999,,,00000,206,,37.378400619973945,127.1259502929787
64,37729,2060031900,101,-,1,,sn_si-kg,5,999,,,00000,206,,37.380380275973266,127.1287278247845
65,37730,2060032600,101,-,1,,sn_si-kg,5,999,,,00000,206,,37.380934244853506,127.12948051235696
66,37731,2060040500,101,-,0,,sn_si-kg,5,999,,,00000,206,,37.39128130722736,127.12857373045142
67,37732,2060033400,101,-,0,,sn_si-kg,5,999,,,00000,206,,37.38178605749863,127.13071035591645
68,37733,2060031100,101,-,0,,sn_si-kg,5,999,,,00000,206,,37.37934568242093,127.12991804331602
69,37734,2060031200,101,-,0,,sn_si-kg,5,999,,,00000,206,,37.37947718308675,127.12752216849105
70,37735,2060030800,101,-,0,,sn_si-kg,5,999,,,00000,206,,37.37851043258962,127.12871013691881
71,37736,2060035100,101,-,0,,sn_si-kg,5,999,,,00000,206,,37.383814088929284,127.12537026174607
72,37737,2060034600,101,-,0,,sn_si-kg,5,999,,,00000,206,,37.38329971360076,127.12465776217721
73,37738,2060030500,101,-,0,,sn_si-kg,5,999,,,00000,206,,37.37826565152238,127.13296266836869
74,37739,2060034900,101,-,0,º¸¿Ï,sn_si-kg,5,999,,,00000,206,,37.38373008865449,127.13332657453122
75,37740,2060039800,102,-,0,,sn_si-kg,5,999,,,00000,206,,37.39029030741108,127.13291244932725
76,37741,2060002300,101,-,0,º¸¿Ï,sn_si-kg,5,999,,,00000,206,,37.38857330740359,127.10142529290783
77,37742,2060003600,101,ÆÇ±³ÆÄÃâ¼Ò»ï°Å¸®,1,º¸¿Ï,sn_si-kg,5,999,,,00000,206,,37.39268349506193,127.10077882426037
78,37743,2060033800,101,¼­Çö»ç°Å¸®,1,,sn_si-kg,5,999,,,00000,206,,37.38219777611687,127.12171876159766
79,37744,2060031600,101,ºÐ´ç»ç°Å¸®,1,º¸¿Ï,sn_si-kg,5,999,,,00000,206,,37.37996468307574,127.11859476148345
80,37745,2060032400,101,-,1,,sn_si-kg,5,999,,,00000,206,,37.38086258867287,127.11754479312174
81,37746,2060033200,101,-,1,º¸¿Ï,sn_si-kg,5,999,,,00000,206,,37.38172208872271,127.1165931997981
82,37747,2060032900,104,¹éÇöÁöÇÏÂ÷µµ,0,,sn_si-kg,5,999,,,00000,206,,37.381422244865576,127.11166726230806
83,37748,2060034100,104,ÃÊ¸²ÁöÇÏÂ÷µµ,0,,sn_si-kg,5,999,,,00000,206,,37.382568182579064,127.11272466806292
84,37749,2060035500,101,¼ö³»»ç°Å¸®,1,º¸¿Ï,sn_si-kg,5,999,,,00000,206,,37.384011651093374,127.11400023045644
85,37750,2060036400,104,¼­ÇöÁöÇÏÂ÷µµ,0,,sn_si-kg,5,999,,,00000,206,,37.385457901210714,127.11528607479875
86,37751,2060036200,104,ÃÊ¸²ÁöÇÏÂ÷µµ,0,,sn_si-kg,5,999,,,00000,206,,37.385170401447795,127.11502873110203
87,37752,2060039000,104,¼­ÇöÁöÇÏÂ÷µµ,0,,sn_si-kg,5,999,,,00000,206,,37.38855171378236,127.11819176179233
88,37753,2060039500,104,¸Å¼ÛÁöÇÏÂ÷µµ,0,,sn_si-kg,5,999,,,00000,206,,37.38926277623466,127.11886960598679
89,37754,2060003100,101,¸Å¼Û»ç°Å¸®,1,,sn_si-kg,5,999,,,00000,206,,37.391431682863924,127.12022094975111
90,37755,2060002700,101,¾çÇö»ç°Å¸®,1,,sn_si-kg,5,999,,,00000,206,,37.390087713540254,127.12245938656372
91,37756,2060036300,101,-,0,º¸¿Ï,sn_si-kg,5,999,,,00000,206,,37.38537849557213,127.1181422622085
92,37757,2060035300,101,-,1,º¸¿Ï,sn_si-kg,5,999,,,00000,206,,37.383969588902744,127.11975338683214
93,37758,2060037300,101,-,0,,sn_si-kg,5,999,,,00000,206,,37.386272463937416,127.12284073058038
94,37759,2060038800,101,-,0,,sn_si-kg,5,999,,,00000,206,,37.38817399493274,127.120758605829
95,37760,2060038200,101,-,0,,sn_si-kg,5,999,,,00000,206,,37.38731758855073,127.12169638736486
96,37761,2060035600,101,-,0,,sn_si-kg,5,999,,,00000,206,,37.38442843289465,127.12036851230835
97,37762,2060032700,101,-,1,,sn_si-kg,5,999,,,00000,206,,37.38123877597707,127.11591544913313
98,37763,2060031700,101,-,1,,sn_si-kg,5,999,,,00000,206,,37.38016452681984,127.11440898041269
99,37764,2060031000,101,-,0,,sn_si-kg,5,999,,,00000,206,,37.3788994954873,127.11582329290684
100,37765,2060032000,101,-,0,,sn_si-kg,5,999,,,00000,206,,37.38040599478467,127.11692069960623
101,37766,2060033500,101,-,1,,sn_si-kg,5,999,,,00000,206,,37.381889557773036,127.10150035572042
102,37767,2060034800,101,-,0,,sn_si-kg,5,999,,,00000,206,,37.38355418306418,127.12138179282783
103,37768,2060034400,101,-,1,,sn_si-kg,5,999,,,00000,206,,37.38308265143712,127.12072951186201
104,37769,2060030900,101,-,1,,sn_si-kg,5,999,,,00000,206,,37.37852915107834,127.11213941806466
105,37770,2060032300,101,-,0,,sn_si-kg,5,999,,,00000,206,,37.38070877672686,127.11655523042202
106,37771,2060031400,101,-,0,,sn_si-kg,5,999,,,00000,206,,37.37960524474505,127.11502610598109
107,37772,2060030100,101,-,0,,sn_si-kg,5,999,,,00000,206,,37.377988744873676,127.11278626172941
108,37773,2060037100,101,-,0,,sn_si-kg,5,999,,,00000,206,,37.38602874496951,127.11994994984946
109,37774,2060038100,101,-,0,,sn_si-kg,5,999,,,00000,206,,37.387285120327476,127.11994710529382
110,37775,2060036600,101,-,0,,sn_si-kg,5,999,,,00000,206,,37.38554221355031,127.12186126187112
111,37776,2060037600,101,-,0,,sn_si-kg,5,999,,,00000,206,,37.386590026237116,127.12071051188548
112,37777,2060036000,101,-,0,,sn_si-kg,5,999,,,00000,206,,37.38499696359713,127.12108782424161
113,37778,2060036100,101,-,0,,sn_si-kg,5,999,,,00000,206,,37.385075745106235,127.12237354357808
114,37779,2060035700,101,-,0,,sn_si-kg,5,999,,,00000,206,,37.38451421382706,127.12162023097676
115,37780,2060035400,101,-,0,,sn_si-kg,5,999,,,00000,206,,37.38398002643419,127.1209036053184
116,37781,2060033300,101,-,0,,sn_si-kg,5,999,,,00000,206,,37.38172840106404,127.10260654340016
117,37782,2060033700,101,-,0,,sn_si-kg,5,999,,,00000,206,,37.3821039012862,127.1021268872978
118,37783,2060033000,101,-,0,,sn_si-kg,5,999,,,00000,206,,37.38144408849837,127.1029615741536
119,37784,2060033100,101,-,0,,sn_si-kg,5,999,,,00000,206,,37.381526307216234,127.10187619948351
120,37785,2060032800,101,-,0,,sn_si-kg,5,999,,,00000,206,,37.38134940157988,127.10254482472794
121,37786,2060037700,101,-,0,,sn_si-kg,5,999,,,00000,206,,37.38677749531007,127.12228773027005
122,37787,2060038700,101,-,0,,sn_si-kg,5,999,,,00000,206,,37.387948776817666,127.12245351219224
123,37790,2060041300,101,¾È¸»»ç°Å¸®,1,º¸¿Ï,sn_si-kg,5,999,,,00000,206,,37.394704276158336,127.12828654275324
124,37791,2060042200,101,¹°¹æ¾Æ»ï°Å¸®,1,º¸¿Ï,sn_si-kg,5,999,,,00000,206,,37.399191245572695,127.12869385559281
125,37792,2060044400,101,ÇÏÅ¾»ç°Å¸®,1,º¸¿Ï,sn_si-kg,5,999,,,00000,206,,37.405403776540254,127.1286386372202
126,37793,2060049800,101,¾ßÅ¾¿ª»ç°Å¸®,1,º¸¿Ï,sn_si-kg,5,999,,,00000,206,,37.40984093250739,127.12870732473891
127,37794,2060052200,101,-,1,º¸¿Ï,sn_si-kg,5,999,,,00000,206,,37.412340214077346,127.12869679277856
128,37795,2060054100,101,Àå¹Ì»ç°Å¸®,1,º¸¿Ï,sn_si-kg,5,999,,,00000,206,,37.413817495301316,127.12870688676901
129,37815,2060050000,101,-,0,,sn_si-kg,5,999,,,00000,206,,37.4098637456093,127.12716766833762
130,37816,2060049900,101,-,1,,sn_si-kg,5,999,,,00000,206,,37.40985105797415,127.12786604315465
131,37817,2060051000,101,-,0,,sn_si-kg,5,999,,,00000,206,,37.41134768271564,127.12719144911
132,37818,2060048300,101,-,1,,sn_si-kg,5,999,,,00000,206,,37.409060307496134,127.12494360538892
133,37819,2060050400,101,-,0,,sn_si-kg,5,999,,,00000,206,,37.41072774496729,127.13045401226589
134,37820,2060051700,101,-,0,,sn_si-kg,5,999,,,00000,206,,37.41197021410875,127.13165035607972
135,37896,2060054300,101,-,0,º¸¿Ï,sn_si-kg,5,999,,,00000,206,,37.41382455767723,127.12599735539982
136,37897,2060052000,101,-,0,º¸¿Ï,sn_si-kg,5,999,,,00000,206,,37.41233318227842,127.1233172930149
137,37898,2060052400,101,-,1,º¸¿Ï,sn_si-kg,5,999,,,00000,206,,37.41234224474647,127.12599198105136
138,37899,2060049500,101,-,1,º¸¿Ï,sn_si-kg,5,999,,,00000,206,,37.40980943285399,127.12595816834175
139,37900,2060048800,101,¾ßÅ¾±³»ç°Å¸®,0,º¸¿Ï,sn_si-kg,5,999,,,00000,206,,37.40955268270989,127.12474644971849
140,37901,2060048000,101,-,1,º¸¿Ï,sn_si-kg,5,999,,,00000,206,,37.40868087004213,127.12322141809204
141,37902,2060045300,101,-,1,º¸¿Ï,sn_si-kg,5,999,,,00000,206,,37.40595418230657,127.12354998089882
142,37903,2060044600,101,¾Æ¸ª»ç°Å¸®,0,º¸¿Ï,sn_si-kg,5,999,,,00000,206,,37.405410870392416,127.12357182453161
143,37904,2060044500,101,Å¾°ñ»ç°Å¸®,0,º¸¿Ï,sn_si-kg,5,999,,,00000,206,,37.405407526713134,127.12540457447881
144,37905,2060043700,101,-,1,º¸¿Ï,sn_si-kg,5,999,,,00000,206,,37.40488430745171,127.12357160599629
145,37906,2060043300,101,-,0,º¸¿Ï,sn_si-kg,5,999,,,00000,206,,37.40365196377701,127.12355769977978
146,37907,2060042400,101,¹æ¾Æ´Ù¸®»ç°Å¸®,0,º¸¿Ï,sn_si-kg,5,999,,,00000,206,,37.399203651720086,127.12358048050612
147,37908,2060042300,101,¹°¹æ¾Æ»ç°Å¸®,1,º¸¿Ï,sn_si-kg,5,999,,,00000,206,,37.399200870117056,127.12541482405197
148,37909,2060041400,101,ÀÌ¸Å±³»ç°Å¸®,0,º¸¿Ï,sn_si-kg,5,999,,,00000,206,,37.394714901648115,127.123544449169
149,37910,2060041600,101,¾È¸»»ç°Å¸®,1,º¸¿Ï,sn_si-kg,5,999,,,00000,206,,37.39472146400101,127.12534679303849
150,37919,2060048400,101,Å¾»ç°Å¸®,1,º¸¿Ï,sn_si-kg,5,999,,,00000,206,,37.40915833899328,127.12297898065799
151,37921,2060049600,101,-,0,,sn_si-kg,5,999,,,00000,206,,37.409811276464154,127.13041866801086
152,37922,2060054200,101,-,0,,sn_si-kg,5,999,,,00000,206,,37.41382318261384,127.13046976209262
153,37923,2060051200,101,-,0,,sn_si-kg,5,999,,,00000,206,,37.411350869912894,127.12398107451088
154,37924,2060051100,101,-,0,,sn_si-kg,5,999,,,00000,206,,37.41135055784815,127.12599641830627
155,37925,2060043000,101,-,0,,sn_si-kg,5,999,,,00000,206,,37.40111246362659,127.12359473026368
156,37926,2060042800,101,-,1,,sn_si-kg,5,999,,,00000,206,,37.3997135268412,127.12357726183257
157,37927,2060051600,101,-,0,,sn_si-kg,5,999,,,00000,206,,37.411960870152825,127.13045448081266
158,37929,2060041200,102,-,0,,sn_si-kg,5,999,,,00000,206,,37.393409463776834,127.12294551148932
159,37930,2060048900,103,-,0,,sn_si-kg,5,999,,,00000,206,,37.40955815148715,127.13222941784329
160,37936,2060053900,101,-,0,,sn_si-kg,5,999,,,00000,206,,37.413439276428676,127.13288216825515
161,37937,2060053000,101,-,0,,sn_si-kg,5,999,,,00000,206,,37.41262612024161,127.13284257470355
162,37938,2060051800,101,-,0,,sn_si-kg,5,999,,,00000,206,,37.41208902623998,127.1328382615551
163,37939,2060046300,104,ÇÏÅ¾ÁöÇÏÂ÷µµ,0,,sn_si-kg,5,999,,,00000,206,,37.40744371409528,127.1286792928712
164,37948,2060041500,101,-,0,º¸¿Ï,sn_si-kg,5,999,,,00000,206,,37.39471933890303,127.12052063712622
165,37949,2060042600,101,-,0,,sn_si-kg,5,999,,,00000,206,,37.39924465181139,127.11996801183307
166,37950,2060043200,104,-,0,,sn_si-kg,5,999,,,00000,206,,37.403174276290656,127.11943713664323
167,37951,2060047400,101,-,1,º¸¿Ï,sn_si-kg,5,999,,,00000,206,,37.408358651052936,127.1187032305121
168,37955,2060044800,101,º¸¶ã»ç°Å¸®,1,,sn_si-kg,5,999,,,00000,206,,37.405438151326166,127.12158123097765
169,37956,2060053400,101,»ç¼Û±³»ï°Å¸®,0,,sn_si-kg,5,999,,,00000,206,,37.4130944637721,127.12079282413288
170,37957,2060054400,101,»ç¼Û±³»ç°Å¸®,0,,sn_si-kg,5,999,,,00000,206,,37.41382808931479,127.12251407433632
171,37959,2060048200,101,-,1,,sn_si-kg,5,999,,,00000,206,,37.40871158908402,127.1210582302516
172,37961,2060042500,101,-,0,,sn_si-kg,5,999,,,00000,206,,37.39920633889432,127.1214706998037
173,37965,2060051300,102,¼º³²Ã¼À°È¸°ü,0,,sn_si-kg,5,999,,,00000,206,,37.411381713960566,127.11951988686042
174,37966,2060048500,103,-,0,,sn_si-kg,5,999,,,00000,206,,37.40943071395833,127.120321918434
175,37967,2060043900,101,-,1,,sn_si-kg,5,999,,,00000,206,,37.40494865124498,127.12158335607569
176,37968,2060042900,101,-,0,,sn_si-kg,5,999,,,00000,206,,37.39971527602256,127.12143276190386
177,37969,2060001600,101,È¿ÀÚÃÌ»ï°Å¸®,1,º¸¿Ï,sn_si-kg,5,999,,,00000,206,,37.37940565101252,127.13605235575017
178,37970,2060039100,102,-,0,,sn_si-kg,5,999,,,00000,206,,37.38891093267847,127.14165429292518
179,37971,2060039900,102,-,0,º¸¿Ï,sn_si-kg,5,999,,,00000,206,,37.390494244869046,127.13554344919885
180,37972,2060034500,101,-,1,º¸¿Ï,sn_si-kg,5,999,,,00000,206,,37.38317171399564,127.13845035567317
181,37973,2060031500,101,-,1,º¸¿Ï,sn_si-kg,5,999,,,00000,206,,37.379645244790254,127.13638201213257
182,37974,2060030000,101,-,0,º¸¿Ï,sn_si-kg,5,999,,,00000,206,,37.37798399555402,127.13827432417781
183,37975,2060039200,102,-,0,º¸¿Ï,sn_si-kg,5,999,,,00000,206,,37.388929432631926,127.15651444911907
184,37976,2060039400,101,-,0,,sn_si-kg,5,999,,,00000,206,,37.38922215116065,127.13827229350863
185,37977,2060039600,102,-,0,,sn_si-kg,5,999,,,00000,206,,37.38985352648655,127.13979373054485
186,37978,2060035000,101,-,1,,sn_si-kg,5,999,,,00000,206,,37.38377171377459,127.15047669958926
187,37979,2060031300,101,-,0,,sn_si-kg,5,999,,,00000,206,,37.379569526371995,127.15266182459197
188,37980,2060040100,104,-,0,,sn_si-kg,5,999,,,00000,206,,37.39072215105773,127.14950610538983
189,37981,2060040400,101,-,0,,sn_si-kg,5,999,,,00000,206,,37.391217057862946,127.13384263698788
190,37982,2060046200,101,ÇÏÅ¾»ï°Å¸®,1,º¸¿Ï,sn_si-kg,5,999,,,00000,206,,37.40737558865288,127.13387963689479
191,37983,2060046700,101,-,0,º¸¿Ï,sn_si-kg,5,999,,,00000,206,,37.407766276625466,127.13787066798147
192,37984,2060045900,101,-,1,º¸¿Ï,sn_si-kg,5,999,,,00000,206,,37.40682990162924,127.14200501232881
193,37985,2060047100,101,»óÅ¾»ç°Å¸®,1,º¸¿Ï,sn_si-kg,5,999,,,00000,206,,37.40809211988244,127.14296066789007
194,37986,2060049300,101,-,1,,sn_si-kg,5,999,,,00000,206,,37.40973458857678,127.14370004279851
195,37987,2060051400,101,-,1,,sn_si-kg,5,999,,,00000,206,,37.41157305731281,127.14377248049004
196,37988,2060053100,101,»óÅ¾»ç°Å¸®,1,º¸¿Ï,sn_si-kg,5,999,,,00000,206,,37.412818838657245,127.14382016793991
197,37989,2060054700,101,µµÃÌ»ç°Å¸®,0,º¸¿Ï,sn_si-kg,5,999,,,00000,206,,37.41404424496187,127.14388954343985
198,38051,2060049200,102,-,0,º¸¿Ï,sn_si-kg,5,999,,,00000,206,,37.409705995532136,127.15603269939504
199,38052,2060047500,101,-,0,º¸¿Ï,sn_si-kg,5,999,,,00000,206,,37.408419245572645,127.15612335555227
200,38053,2060046500,101,-,0,º¸¿Ï,sn_si-kg,5,999,,,00000,206,,37.4075518386835,127.14878835557897
201,38054,2060045800,101,-,0,º¸¿Ï,sn_si-kg,5,999,,,00000,206,,37.406821432713684,127.15468835595345
202,38055,2060045600,101,-,0,º¸¿Ï,sn_si-kg,5,999,,,00000,206,,37.406316057799984,127.15221782480955
203,38056,2060045500,101,-,0,º¸¿Ï,sn_si-kg,5,999,,,00000,206,,37.40628521375237,127.14854885533066
204,38057,2060045400,101,-,1,º¸¿Ï,sn_si-kg,5,999,,,00000,206,,37.406255932726424,127.15168548102679
205,38058,2060045000,101,-,1,º¸¿Ï,sn_si-kg,5,999,,,00000,206,,37.40547705779579,127.14823148098924
206,38059,2060044100,102,-,0,º¸¿Ï,sn_si-kg,5,999,,,00000,206,,37.405324213520316,127.15718110574755
207,38060,2060044700,101,¾ßÅ¾4±³,0,º¸¿Ï,sn_si-kg,5,999,,,00000,206,,37.40542415158018,127.15531326155678
208,38061,2060043600,101,-,0,º¸¿Ï,sn_si-kg,5,999,,,00000,206,,37.4048814323192,127.15226641787672
209,38062,2060043500,101,-,1,º¸¿Ï,sn_si-kg,5,999,,,00000,206,,37.4048629953183,127.15173823076043
210,38063,2060055400,101,¿©¼öµ¿ÀÔ±¸,0,º¸¿Ï,sn_si-kg,5,999,,,00000,206,,37.416848839166164,127.13389676178485
211,38064,2060055100,101,ÁßÅ¾»ï°Å¸®,0,º¸¿Ï,sn_si-kg,5,999,,,00000,206,,37.41474290126672,127.13903738722843
212,38065,2060053800,101,¸ÅÈ­»ç°Å¸®,0,º¸¿Ï,sn_si-kg,5,999,,,00000,206,,37.413399682877014,127.13385944981326
213,38066,2060053300,101,ÁßÅ¾»ç°Å¸®,1,º¸¿Ï,sn_si-kg,5,999,,,00000,206,,37.41308874498333,127.13863441811418
214,38067,2060048700,101,-,0,º¸¿Ï,sn_si-kg,5,999,,,00000,206,,37.409510057543685,127.13797673042438
215,38068,2060048600,101,¼Û¸²»ç°Å¸®,0,º¸¿Ï,sn_si-kg,5,999,,,00000,206,,37.409450526022624,127.13383073086356
216,38069,2060047600,101,-,0,º¸¿Ï,sn_si-kg,5,999,,,00000,206,,37.408468901638514,127.14639351227629
217,38070,2060046600,101,-,1,º¸¿Ï,sn_si-kg,5,999,,,00000,206,,37.40758749500333,127.14436073062666
218,38071,2060046000,101,-,0,º¸¿Ï,sn_si-kg,5,999,,,00000,206,,37.40710546379154,127.14561119923758
219,38072,2060045100,101,-,1,º¸¿Ï,sn_si-kg,5,999,,,00000,206,,37.4056067760053,127.14474501182906
220,38073,2060050600,101,-,1,,sn_si-kg,5,999,,,00000,206,,37.41083815113552,127.13384573065571
221,38077,2060053500,101,-,1,,sn_si-kg,5,999,,,00000,206,,37.41323127673314,127.13740569960657
222,38078,2060049000,101,-,0,,sn_si-kg,5,999,,,00000,206,,37.409617870067166,127.1354522930186
223,38079,2060053700,101,-,0,,sn_si-kg,5,999,,,00000,206,,37.4133957762221,127.13548288705476
224,38080,2060052900,101,-,0,,sn_si-kg,5,999,,,00000,206,,37.412624276631504,127.13386694925964
225,38081,2060052800,101,-,0,,sn_si-kg,5,999,,,00000,206,,37.412599932883495,127.13548526216425
226,38082,2060052700,101,-,0,,sn_si-kg,5,999,,,00000,206,,37.41245696406315,127.13726198075176
227,38085,2060053200,101,-,0,,sn_si-kg,5,999,,,00000,206,,37.412883338932545,127.14240866852515
228,38086,2060049100,101,-,1,,sn_si-kg,5,999,,,00000,206,,37.40966974476049,127.13674473029062
229,38087,2060051900,101,-,0,,sn_si-kg,5,999,,,00000,206,,37.41230671433175,127.13848779354987
230,38088,2060051500,101,-,0,,sn_si-kg,5,999,,,00000,206,,37.41161365180989,127.14235879302464
231,38089,2060047900,101,-,0,,sn_si-kg,5,999,,,00000,206,,37.4085783392369,127.14164601196796
232,38092,2060049400,101,-,0,,sn_si-kg,5,999,,,00000,206,,37.40977396359318,127.14228654329145
233,38093,2060050200,101,-,0,,sn_si-kg,5,999,,,00000,206,,37.41063624524605,127.13811594907179
234,38094,2060050500,101,-,0,,sn_si-kg,5,999,,,00000,206,,37.41079177669576,127.13688979273263
235,38101,2060050700,101,-,0,,sn_si-kg,5,999,,,00000,206,,37.410846213557534,127.13546354353718
236,38107,2060044200,101,-,0,,sn_si-kg,5,999,,,00000,206,,37.40536827670246,127.15622319918327
237,38108,2060043400,102,-,0,,sn_si-kg,5,999,,,00000,206,,37.40396833897165,127.1580861060961
238,38109,2060046900,101,-,0,,sn_si-kg,5,999,,,00000,206,,37.40793615136221,127.14458138738041
239,38110,2060046400,101,-,0,,sn_si-kg,5,999,,,00000,206,,37.40747418222628,127.14581388663782
240,38111,2060045700,101,-,0,,sn_si-kg,5,999,,,00000,206,,37.40675799543709,127.14670298067767
241,38158,2060016100,101,-,0,,sn_si-kg,5,999,,,00000,206,,37.364159620017574,127.12861823070409
242,38159,2060015900,101,-,0,,sn_si-kg,5,999,,,00000,206,,37.36352743260386,127.12772582446121
243,38160,2060008200,101,±¸¹Ì»ç°Å¸®,1,º¸¿Ï,sn_si-kg,5,999,,,00000,206,,37.343481213620294,127.12599869898702
244,38161,2060007300,101,-,0,º¸¿Ï,sn_si-kg,5,999,,,00000,206,,37.34160380783766,127.12343948030173
245,38162,2060009200,101,-,0,,sn_si-kg,5,999,,,00000,206,,37.34501024543107,127.12459244981414
246,38163,2060016400,101,-,0,,sn_si-kg,5,999,,,00000,206,,37.36456155760942,127.12994388713321
247,38164,2060016000,102,-,0,,sn_si-kg,5,999,,,00000,206,,37.36390011974669,127.1311408559759
248,38165,2060016700,101,-,0,,sn_si-kg,5,999,,,00000,206,,37.36480765168682,127.12952382460526
249,38166,2060016800,101,-,0,,sn_si-kg,5,999,,,00000,206,,37.364841151432415,127.12786657465404
250,38167,2060017200,101,-,0,,sn_si-kg,5,999,,,00000,206,,37.3651535884959,127.12752198053272
251,38168,2060017900,101,-,0,,sn_si-kg,5,999,,,00000,206,,37.365806525966775,127.12846966810082
252,38169,2060016500,101,-,0,,sn_si-kg,5,999,,,00000,206,,37.36459299520959,127.12670835579888
253,38170,2060016300,101,-,0,,sn_si-kg,5,999,,,00000,206,,37.36423802650938,127.12699454345102
254,38171,2060014900,102,-,0,,sn_si-kg,5,999,,,00000,206,,37.36270880763959,127.1286519804612
255,38172,2060029900,101,-,0,º¸¿Ï,sn_si-kg,5,999,,,00000,206,,37.3776729011783,127.13218944927428
256,38173,2060028300,101,-,0,,sn_si-kg,5,999,,,00000,206,,37.375974901147345,127.13119451222622
257,38174,2060027600,101,È¿ÀÚÃÌ»ç°Å¸®,1,º¸¿Ï,sn_si-kg,5,999,,,00000,206,,37.375368870514876,127.1303634811145
258,38175,2060024800,101,Àå¾È»ç°Å¸®,1,º¸¿Ï,sn_si-kg,5,999,,,00000,206,,37.37219721352767,127.13392054345661
259,38176,2060024600,101,»ûº°»ç°Å¸®,1,º¸¿Ï,sn_si-kg,5,999,,,00000,206,,37.37195815124926,127.12560473028759
260,38177,2060024200,101,-,1,º¸¿Ï,sn_si-kg,5,999,,,00000,206,,37.37152702616095,127.13299466804506
261,38178,2060020900,101,»ûº°»ï°Å¸®,1,º¸¿Ï,sn_si-kg,5,999,,,00000,206,,37.369091932801496,127.12878607477171
262,38179,2060018900,101,-,0,º¸¿Ï,sn_si-kg,5,999,,,00000,206,,37.36708724507281,127.12728441832348
263,38180,2060017800,101,-,0,º¸¿Ï,sn_si-kg,5,999,,,00000,206,,37.365801120142066,127.12547566858325
264,38181,2060017100,101,Çª¸¥¸¶À»»ï°Å¸®,0,º¸¿Ï,sn_si-kg,5,999,,,00000,206,,37.365121620295724,127.12451760553688
265,38182,2060015500,101,-,1,º¸¿Ï,sn_si-kg,5,999,,,00000,206,,37.36346265174012,127.12316629324891
266,38183,2060014000,101,-,1,,sn_si-kg,5,999,,,00000,206,,37.36013511976222,127.12293510543418
267,38184,2060021300,101,-,1,,sn_si-kg,5,999,,,00000,206,,37.369519964222036,127.11960848087222
268,38185,2060000400,101,±Ý°îIC,0,,sn_si-kg,5,999,,,00000,206,,37.349861401596456,127.1016055431229
269,38186,2060026700,101,-,1,,sn_si-kg,5,999,,,00000,206,,37.37437424553144,127.11343957421764
270,38187,2060022400,101,-,0,º¸¿Ï,sn_si-kg,5,999,,,00000,206,,37.36990362039569,127.12271766825324
271,38188,2060027500,101,-,1,º¸¿Ï,sn_si-kg,5,999,,,00000,206,,37.37528574528034,127.12176782411098
272,38189,2060007400,101,-,1,º¸¿Ï,sn_si-kg,5,999,,,00000,206,,37.34224643278287,127.11609191859827
273,38190,2060006700,101,-,0,º¸¿Ï,sn_si-kg,5,999,,,00000,206,,37.34044671403444,127.1161168558989
274,38191,2060005800,101,¹«Áö°³»ç°Å¸®,0,º¸¿Ï,sn_si-kg,5,999,,,00000,206,,37.338143463982476,127.11613676149261
275,38192,2060010300,101,ÇÏ¾á¸¶À»»ç°Å¸®,1,º¸¿Ï,sn_si-kg,5,999,,,00000,206,,37.34654277650395,127.11607163708788
276,38193,2060029100,101,-,1,º¸¿Ï,sn_si-kg,5,999,,,00000,206,,37.3772079328034,127.11031851218854
277,38194,2060027800,101,Á¤ÀÚ»ç°Å¸®,1,º¸¿Ï,sn_si-kg,5,999,,,00000,206,,37.37545530795239,127.11224569904266
278,38195,2060026100,101,¹é±Ã»ç°Å¸®,1,º¸¿Ï,sn_si-kg,5,999,,,00000,206,,37.37367924497062,127.10980432481824
279,38196,2060025100,101,¹é±Ã»ï°Å¸®,1,º¸¿Ï,sn_si-kg,5,999,,,00000,206,,37.37239068287721,127.10808010595281
280,38197,2060020000,101,±Ã³»»ç°Å¸®,1,º¸¿Ï,sn_si-kg,5,999,,,00000,206,,37.3685025890893,127.10801666777684
281,38198,2060015000,101,±Ý°î±³»ç°Å¸®,1,º¸¿Ï,sn_si-kg,5,999,,,00000,206,,37.363442932305986,127.10807719934405
282,38199,2060013600,101,-,1,º¸¿Ï,sn_si-kg,5,999,,,00000,206,,37.359940432730696,127.11479966838522
283,38200,2060013300,101,-,0,º¸¿Ï,sn_si-kg,5,999,,,00000,206,,37.359927870101274,127.10594741771968
284,38201,2060013500,101,ºÒÁ¤±³»ç°Å¸®,1,º¸¿Ï,sn_si-kg,5,999,,,00000,206,,37.359935463976456,127.10807807438437
285,38202,2060013700,101,-,1,º¸¿Ï,sn_si-kg,5,999,,,00000,206,,37.35994246429914,127.10983016773605
286,38203,2060012900,101,±Ý°î»ç°Å¸®,0,º¸¿Ï,sn_si-kg,5,999,,,00000,206,,37.35666765147795,127.10849163661271
287,38204,2060012200,101,-,0,º¸¿Ï,sn_si-kg,5,999,,,00000,206,,37.3534111515512,127.10601710528442
288,38205,2060012400,101,Ã»¼Ö¸¶À»»ç°Å¸®,1,º¸¿Ï,sn_si-kg,5,999,,,00000,206,,37.35350346425952,127.10882954337546
289,38206,2060011700,101,-,1,º¸¿Ï,sn_si-kg,5,999,,,00000,206,,37.35108921358744,127.11522688681862
290,38207,2060011100,101,-,0,º¸¿Ï,sn_si-kg,5,999,,,00000,206,,37.35007058929642,127.10632163730725
291,38208,2060010100,101,¹Ì±Ý»ç°Å¸®,1,º¸¿Ï,sn_si-kg,5,999,,,00000,206,,37.345880308018195,127.1089043552771
292,38209,2060008400,101,-,1,º¸¿Ï,sn_si-kg,5,999,,,00000,206,,37.343594901414576,127.10890132456188
293,38210,2060007500,101,µ¿¸·±³»ç°Å¸®,1,º¸¿Ï,sn_si-kg,5,999,,,00000,206,,37.342626838806666,127.10890782396211
294,38211,2060006900,101,-,1,º¸¿Ï,sn_si-kg,5,999,,,00000,206,,37.340725276335036,127.1089450433036
295,38212,2060006500,101,¿À¸®¿ª»ï°Å¸®,1,º¸¿Ï,sn_si-kg,5,999,,,00000,206,,37.339714026484614,127.10897357429508
296,38213,2060005500,101,¿À¸®»ï°Å¸®,1,º¸¿Ï,sn_si-kg,5,999,,,00000,206,,37.338098370177306,127.10898698048857
297,38214,2060005700,101,-,1,º¸¿Ï,sn_si-kg,5,999,,,00000,206,,37.33812458901173,127.11308463699368
298,38215,2060005600,101,-,1,º¸¿Ï,sn_si-kg,5,999,,,00000,206,,37.33810833916198,127.11173869905417
299,38216,2060024300,101,³»Á¤»ç°Å¸®,1,º¸¿Ï,sn_si-kg,5,999,,,00000,206,,37.37158933928504,127.11651488683583
300,38217,2060019600,101,-,1,º¸¿Ï,sn_si-kg,5,999,,,00000,206,,37.36847243302299,127.12077848084584
301,38218,2060015700,101,-,1,º¸¿Ï,sn_si-kg,5,999,,,00000,206,,37.36347393283569,127.11899482398883
302,38219,2060013000,101,ºÒÁ¤»ç°Å¸®,1,º¸¿Ï,sn_si-kg,5,999,,,00000,206,,37.35922433857161,127.11901126179691
303,38220,2060012000,101,µ¹¸¶±³»ç°Å¸®,1,º¸¿Ï,sn_si-kg,5,999,,,00000,206,,37.353239932327995,127.11711035583039
304,38221,2060013100,101,-,1,,sn_si-kg,5,999,,,00000,206,,37.3594603071823,127.12232110590912
305,38222,2060025400,101,-,1,,sn_si-kg,5,999,,,00000,206,,37.372581182665385,127.1154196367105
306,38223,2060025900,101,-,1,,sn_si-kg,5,999,,,00000,206,,37.373480151261106,127.11442691828984
307,38224,2060017600,101,-,1,,sn_si-kg,5,999,,,00000,206,,37.365632463986685,127.10805101198582
308,38225,2060018500,101,-,1,,sn_si-kg,5,999,,,00000,206,,37.36667286985727,127.10803857436224
309,38226,2060013800,101,-,1,,sn_si-kg,5,999,,,00000,206,,37.359955557528565,127.11329710542043
310,38227,2060013900,101,-,0,,sn_si-kg,5,999,,,00000,206,,37.35997105734373,127.11176019914592
311,38228,2060000300,101,-,1,,sn_si-kg,5,999,,,00000,206,,37.34664702591357,127.10161554358388
312,38229,2060011300,101,±Ý°îIC,0,,sn_si-kg,5,999,,,00000,206,,37.350079651764474,127.1029082623437
313,38230,2060011400,101,-,1,,sn_si-kg,5,999,,,00000,206,,37.35008399548991,127.1120102304551
314,38231,2060005400,101,-,0,,sn_si-kg,5,999,,,00000,206,,37.33809368291088,127.11031135538383
315,38232,2060007000,101,-,0,,sn_si-kg,5,999,,,00000,206,,37.34072846353229,127.10957704275904
316,38233,2060007100,101,-,0,,sn_si-kg,5,999,,,00000,206,,37.340732057223136,127.11028682457675
317,38234,2060006800,102,-,0,,sn_si-kg,5,999,,,00000,206,,37.340596901712615,127.1123848241607
318,38235,2060009600,101,-,0,,sn_si-kg,5,999,,,00000,206,,37.3454317450757,127.11034948034262
319,38236,2060009500,101,-,0,,sn_si-kg,5,999,,,00000,206,,37.34542946349575,127.10985744956918
320,38237,2060008800,101,-,0,,sn_si-kg,5,999,,,00000,206,,37.344342370221284,127.11166773085483
321,38238,2060009800,101,-,0,,sn_si-kg,5,999,,,00000,206,,37.3454395260099,127.11201141845947
322,38239,2060009700,101,-,0,,sn_si-kg,5,999,,,00000,206,,37.34543787035807,127.11165588678364
323,38240,2060009000,101,-,0,,sn_si-kg,5,999,,,00000,206,,37.34434715101719,127.10987485594706
324,38241,2060008300,101,-,0,,sn_si-kg,5,999,,,00000,206,,37.343583713848545,127.10988713708866
325,38242,2060008900,101,-,0,,sn_si-kg,5,999,,,00000,206,,37.3443458703826,127.11035648066525
326,38243,2060008700,101,-,0,,sn_si-kg,5,999,,,00000,206,,37.34434143222842,127.11202298104286
327,38244,2060009900,101,-,0,,sn_si-kg,5,999,,,00000,206,,37.34587077610399,127.10985035571696
328,38245,2060010200,101,-,1,,sn_si-kg,5,999,,,00000,206,,37.34646524505246,127.11999748081735
329,38246,2060005200,101,-,0,,sn_si-kg,5,999,,,00000,206,,37.335895057285825,127.11174110563991
330,38247,2060006600,101,-,0,,sn_si-kg,5,999,,,00000,206,,37.340078932693245,127.11028885524593
331,38248,2060005300,101,-,1,,sn_si-kg,5,999,,,00000,206,,37.33742724481766,127.11173913702396
332,38249,2060005000,103,-,1,,sn_si-kg,5,999,,,00000,206,,37.33411840165087,127.11809941850697
333,38250,2060009300,101,-,0,,sn_si-kg,5,999,,,00000,206,,37.34506399521081,127.11035185545211
334,38251,2060009400,101,-,0,,sn_si-kg,5,999,,,00000,206,,37.34507611987044,127.11165979343855
335,38252,2060029700,101,-,1,,sn_si-kg,5,999,,,00000,206,,37.37765305763776,127.11094982456189
336,38253,2060029200,101,-,0,,sn_si-kg,5,999,,,00000,206,,37.37729302665383,127.11355294904786
337,38254,2060024500,101,-,0,,sn_si-kg,5,999,,,00000,206,,37.371769870088485,127.1098045118772
338,38255,2060026000,101,-,0,,sn_si-kg,5,999,,,00000,206,,37.37350715160642,127.119205355276
339,38256,2060025200,101,´ÃÇª¸¥°íµîÇÐ±³,0,º¸¿Ï,sn_si-kg,5,999,,,00000,206,,37.372409339312696,127.1059258555747
340,38257,2060020100,101,-,0,º¸¿Ï,sn_si-kg,5,999,,,00000,206,,37.36851999546718,127.10980485541825
341,38258,2060020400,101,-,1,º¸¿Ï,sn_si-kg,5,999,,,00000,206,,37.36852711989627,127.11473951183541
342,38259,2060015300,101,-,0,º¸¿Ï,sn_si-kg,5,999,,,00000,206,,37.3634595265961,127.10594651210238
343,38260,2060015200,101,½Å±â»ç°Å¸®,1,º¸¿Ï,sn_si-kg,5,999,,,00000,206,,37.36345933863777,127.11477073090032
344,38261,2060012800,101,-,0,º¸¿Ï,sn_si-kg,5,999,,,00000,206,,37.356651276622415,127.10594498055696
345,38262,2060011800,101,-,0,º¸¿Ï,sn_si-kg,5,999,,,00000,206,,37.35139108901302,127.10622807454126
346,38263,2060010000,101,-,0,º¸¿Ï,sn_si-kg,5,999,,,00000,206,,37.345877713474124,127.11200885539176
347,38264,2060008100,102,-,0,º¸¿Ï,sn_si-kg,5,999,,,00000,206,,37.34344337014926,127.10590523052326
348,38265,2060008000,101,-,0,º¸¿Ï,sn_si-kg,5,999,,,00000,206,,37.34343361969985,127.11202173098525
349,38266,2060007800,101,-,0,º¸¿Ï,sn_si-kg,5,999,,,00000,206,,37.34264821389269,127.10591148081141
350,38267,2060007600,101,-,1,º¸¿Ï,sn_si-kg,5,999,,,00000,206,,37.342630526026994,127.10446460566516
351,38268,2060007700,101,-,0,º¸¿Ï,sn_si-kg,5,999,,,00000,206,,37.342633369683256,127.1073802310666
352,38269,2060007200,101,-,1,º¸¿Ï,sn_si-kg,5,999,,,00000,206,,37.34073912049837,127.1116880429422
353,38270,2060006200,101,-,1,º¸¿Ï,sn_si-kg,5,999,,,00000,206,,37.339695338572824,127.10447860541126
354,38271,2060006300,101,-,1,º¸¿Ï,sn_si-kg,5,999,,,00000,206,,37.339699057269456,127.10593826172203
355,38272,2060006400,101,-,1,º¸¿Ï,sn_si-kg,5,999,,,00000,206,,37.3397043389877,127.10738948059361
356,38273,2060006000,101,-,0,º¸¿Ï,sn_si-kg,5,999,,,00000,206,,37.338361214127474,127.10467748058545
357,38274,2060011500,101,-,1,º¸¿Ï,sn_si-kg,5,999,,,00000,206,,37.3505954947866,127.12001704287013
358,38275,2060006100,101,-,1,º¸¿Ï,sn_si-kg,5,999,,,00000,206,,37.339140276117064,127.12075426210356
359,38276,2060005900,101,-,1,º¸¿Ï,sn_si-kg,5,999,,,00000,206,,37.33821993243532,127.11906829320276
360,38277,2060005100,101,-,1,º¸¿Ï,sn_si-kg,5,999,,,00000,206,,37.3358005889026,127.11771479286426
361,38278,2060028700,101,-,0,,sn_si-kg,5,999,,,00000,206,,37.37680515164749,127.11547785522146
362,38279,2060014800,101,-,1,,sn_si-kg,5,999,,,00000,206,,37.36169493266817,127.11478523066944
363,38280,2060021000,101,-,0,,sn_si-kg,5,999,,,00000,206,,37.3693769324492,127.10594360549362
364,38281,2060023700,101,-,0,,sn_si-kg,5,999,,,00000,206,,37.37095590181366,127.1059343559665
365,38282,2060019900,101,-,0,,sn_si-kg,5,999,,,00000,206,,37.368501276079144,127.10714979328634
366,38283,2060021600,101,-,0,,sn_si-kg,5,999,,,00000,206,,37.36970452668618,127.10980473041252
367,38284,2060023000,101,-,0,,sn_si-kg,5,999,,,00000,206,,37.37046771384331,127.10980466835929
368,38285,2060024400,101,-,0,,sn_si-kg,5,999,,,00000,206,,37.37170555777152,127.11421844914821
369,38286,2060025000,101,-,0,,sn_si-kg,5,999,,,00000,206,,37.372307932659965,127.1150447615172
370,38287,2060024900,101,-,0,,sn_si-kg,5,999,,,00000,206,,37.37221871361942,127.11260454292153
371,38288,2060025800,101,-,0,,sn_si-kg,5,999,,,00000,206,,37.37320037037915,127.11402273059434
372,38289,2060023100,101,-,0,,sn_si-kg,5,999,,,00000,206,,37.3704784634395,127.11164891793726
373,38290,2060021700,101,-,0,,sn_si-kg,5,999,,,00000,206,,37.36971349472549,127.11165598031323
374,38291,2060025500,101,-,0,,sn_si-kg,5,999,,,00000,206,,37.372620464152305,127.11318494917145
375,38292,2060024000,101,-,0,,sn_si-kg,5,999,,,00000,206,,37.371292339084164,127.1136515740975
376,38293,2060024100,101,-,0,,sn_si-kg,5,999,,,00000,206,,37.371493401409566,127.11392738717075
377,38294,2060023800,101,-,0,,sn_si-kg,5,999,,,00000,206,,37.37103549541058,127.11497532396402
378,38295,2060023500,101,-,0,,sn_si-kg,5,999,,,00000,206,,37.370831369994335,127.11468848070615
379,38296,2060022000,101,-,1,,sn_si-kg,5,999,,,00000,206,,37.36972852599388,127.11476444913592
380,38297,2060020200,101,-,0,,sn_si-kg,5,999,,,00000,206,,37.36852271411766,127.11166691786775
381,38298,2060021900,101,-,0,,sn_si-kg,5,999,,,00000,206,,37.36972621383694,127.11428682460212
382,38299,2060023200,101,-,1,,sn_si-kg,5,999,,,00000,206,,37.370713932926435,127.11533854304457
383,38300,2060020300,101,-,0,,sn_si-kg,5,999,,,00000,206,,37.36852490126881,127.11319088649554
384,38301,2060017500,101,-,0,,sn_si-kg,5,999,,,00000,206,,37.36562115141487,127.1069131996469
385,38302,2060017400,101,-,0,,sn_si-kg,5,999,,,00000,206,,37.36561155744744,127.10594748067217
386,38303,2060018600,101,-,0,,sn_si-kg,5,999,,,00000,206,,37.366673869903366,127.10748563700429
387,38304,2060019200,101,-,0,,sn_si-kg,5,999,,,00000,206,,37.36788386992225,127.10594844924208
388,38305,2060018700,101,-,0,,sn_si-kg,5,999,,,00000,206,,37.3666766829827,127.10594794921894
389,38306,2060016200,101,-,0,,sn_si-kg,5,999,,,00000,206,,37.3641633072379,127.10594682416718
390,38307,2060015400,101,-,0,,sn_si-kg,5,999,,,00000,206,,37.36346221377033,127.1132934182001
391,38308,2060014500,101,-,0,,sn_si-kg,5,999,,,00000,206,,37.36168899534414,127.10981573091954
392,38309,2060014700,101,-,0,,sn_si-kg,5,999,,,00000,206,,37.36169318258749,127.11329529328646
393,38310,2060014200,101,-,0,,sn_si-kg,5,999,,,00000,206,,37.360711838791815,127.11329632480886
394,38311,2060014100,101,-,0,,sn_si-kg,5,999,,,00000,206,,37.36070687003763,127.11175123110661
395,38312,2060014300,101,-,1,,sn_si-kg,5,999,,,00000,206,,37.36071662048704,127.11479329309134
396,38313,2060014600,101,-,0,,sn_si-kg,5,999,,,00000,206,,37.36169133897732,127.11173919907719
397,38314,2060023300,101,-,0,,sn_si-kg,5,999,,,00000,206,,37.37073471356058,127.14338988731504
398,38315,2060022100,101,-,0,,sn_si-kg,5,999,,,00000,206,,37.36978249520814,127.14205179326223
399,38316,2060018800,101,-,1,,sn_si-kg,5,999,,,00000,206,,37.366902964096425,127.14120857453838
400,38317,2060019300,101,-,0,,sn_si-kg,5,999,,,00000,206,,37.3679268386295,127.14406238683864
401,38318,2060018400,101,-,0,,sn_si-kg,5,999,,,00000,206,,37.366515089203176,127.144466543058
402,38319,2060026900,101,-,0,,sn_si-kg,5,999,,,00000,206,,37.374581588721924,127.1444230122745
403,38320,2060028100,101,-,0,,sn_si-kg,5,999,,,00000,206,,37.375765339329405,127.1410147931241
404,38321,2060028400,101,-,0,,sn_si-kg,5,999,,,00000,206,,37.37602980745521,127.1413796058032
405,38322,2060027400,101,-,0,,sn_si-kg,5,999,,,00000,206,,37.37500918307194,127.1425669492022
406,38323,2060027300,101,-,0,,sn_si-kg,5,999,,,00000,206,,37.374934963823534,127.1445521684077
407,38324,2060027100,101,-,0,,sn_si-kg,5,999,,,00000,206,,37.374753557979716,127.14366960524444
408,38325,2060028800,101,-,0,,sn_si-kg,5,999,,,00000,206,,37.37705587003876,127.13932004324295
409,38326,2060021400,101,-,0,,sn_si-kg,5,999,,,00000,206,,37.369553120426644,127.1456241368843
410,38327,2060025600,101,-,0,º¸¿Ï,sn_si-kg,5,999,,,00000,206,,37.37285318261314,127.1415637617738
411,38328,2060024700,101,-,0,º¸¿Ï,sn_si-kg,5,999,,,00000,206,,37.37214258870762,127.140726136833
412,38329,2060023900,101,-,1,º¸¿Ï,sn_si-kg,5,999,,,00000,206,,37.37123405762071,127.13946985590383
413,38330,2060023600,101,-,0,º¸¿Ï,sn_si-kg,5,999,,,00000,206,,37.3709494329903,127.14464898042411
414,38331,2060022800,101,-,1,º¸¿Ï,sn_si-kg,5,999,,,00000,206,,37.37035321396115,127.1438149806504
415,38332,2060022600,101,-,0,º¸¿Ï,sn_si-kg,5,999,,,00000,206,,37.37015871398859,127.14542673030292
416,38333,2060022200,101,-,0,º¸¿Ï,sn_si-kg,5,999,,,00000,206,,37.369800276603314,127.14445488694514
417,38334,2060021200,101,-,1,º¸¿Ï,sn_si-kg,5,999,,,00000,206,,37.36944690150176,127.13704063691591
418,38335,2060021100,101,-,1,º¸¿Ï,sn_si-kg,5,999,,,00000,206,,37.369397370441675,127.14247348086508
419,38336,2060020700,101,-,0,º¸¿Ï,sn_si-kg,5,999,,,00000,206,,37.36891162053331,127.14305441861438
420,38337,2060020600,101,-,0,º¸¿Ï,sn_si-kg,5,999,,,00000,206,,37.368901870083846,127.14427598031727
421,38338,2060020500,101,-,0,º¸¿Ï,sn_si-kg,5,999,,,00000,206,,37.36882899532185,127.14167835608475
422,38339,2060019500,101,-,0,º¸¿Ï,sn_si-kg,5,999,,,00000,206,,37.36828793261208,127.14496985582628
423,38340,2060019400,101,-,0,º¸¿Ï,sn_si-kg,5,999,,,00000,206,,37.368204713848115,127.14241682447653
424,38341,2060019100,101,-,1,º¸¿Ï,sn_si-kg,5,999,,,00000,206,,37.36774586985621,127.14018348052457
425,38342,2060019000,101,-,1,º¸¿Ï,sn_si-kg,5,999,,,00000,206,,37.367560088810706,127.14579941834506
426,38343,2060026600,101,-,0,,sn_si-kg,5,999,,,00000,206,,37.374291807378995,127.14563923110518
427,38344,2060029600,103,-,0,,sn_si-kg,5,999,,,00000,206,,37.37753315103157,127.13999785596116
428,38345,2060028500,101,-,0,,sn_si-kg,5,999,,,00000,206,,37.37661655752271,127.14004182471444
429,38346,2060029500,101,-,0,,sn_si-kg,5,999,,,00000,206,,37.377337275995615,127.14103182448468
430,38347,2060028600,101,-,0,,sn_si-kg,5,999,,,00000,206,,37.37674193290616,127.14169554302805
431,38348,2060017300,102,-,0,,sn_si-kg,5,999,,,00000,206,,37.36546527642412,127.14055298047015
432,38349,2060016600,102,-,0,,sn_si-kg,5,999,,,00000,206,,37.36469683902499,127.14116173065247
433,38350,2060016900,102,-,0,,sn_si-kg,5,999,,,00000,206,,37.36491046397987,127.1419305745452
434,38351,2060017000,101,-,0,,sn_si-kg,5,999,,,00000,206,,37.365064525937385,127.14137616859443
435,38352,2060018200,101,-,1,,sn_si-kg,5,999,,,00000,206,,37.36632902666986,127.14211366841641
436,38353,2060018000,101,-,0,,sn_si-kg,5,999,,,00000,206,,37.3659923079116,127.14191729335744
437,38354,2060017700,101,-,0,,sn_si-kg,5,999,,,00000,206,,37.36573558924374,127.14176754274968
438,38355,2060001400,101,¼­´ç»ï°Å¸®,1,º¸¿Ï,sn_si-kg,5,999,,,00000,206,,37.37627296344749,127.13957010602837
439,38356,2060026800,101,-,1,º¸¿Ï,sn_si-kg,5,999,,,00000,206,,37.37453352625471,127.13712041847111
440,38357,2060026300,101,-,1,º¸¿Ï,sn_si-kg,5,999,,,00000,206,,37.373973370038925,127.1363745747393
441,38359,2060014400,105,-,0,,sn_si-kg,5,999,,,00000,206,,37.361125901043295,127.14975210593775
442,38370,2060020800,104,-,0,,sn_si-kg,5,999,,,00000,206,,37.36906224528201,127.12157763728692
443,38387,2060022900,101,-,0,,sn_si-kg,5,999,,,00000,206,,37.37044343304785,127.12352126194912
444,38388,2060018300,101,-,1,,sn_si-kg,5,999,,,00000,206,,37.36636668218256,127.12628407455122
445,38389,2060037800,101,¼­Çö±³»ç°Å¸®,1,,sn_si-kg,5,999,,,00000,206,,37.386812808088905,127.11651123109175
446,38390,2060030600,101,¹éÇö»ç°Å¸®,1,,sn_si-kg,5,999,,,00000,206,,37.37837315108186,127.10894107459558
447,38391,2060025300,101,-,1,,sn_si-kg,5,999,,,00000,206,,37.372464557685305,127.10421204276452
448,38392,2060037000,101,-,0,,sn_si-kg,5,999,,,00000,206,,37.38583124485865,127.05052129273861
449,38393,2060018100,101,-,0,,sn_si-kg,5,999,,,00000,206,,37.36619483882987,127.1047047615192
450,38394,2060026400,101,-,0,,sn_si-kg,5,999,,,00000,206,,37.3740451197491,127.11996163653919
451,38397,2060029000,101,-,0,,sn_si-kg,5,999,,,00000,206,,37.37711899525067,127.11159916834197
452,38398,2060021800,101,-,0,,sn_si-kg,5,999,,,00000,206,,37.369720713583376,127.11314741776528
453,38399,2060044900,101,-,1,,sn_si-kg,5,999,,,00000,206,,37.4054545261817,127.1191113248625
454,38401,2060000200,101,µ¿¿øµ¿»ï°Å¸®,0,,sn_si-kg,5,999,,,00000,206,,37.34474558844772,127.10164073089595
455,38402,2060010800,101,-,0,,sn_si-kg,5,999,,,00000,206,,37.34952502637918,127.11201004339614
456,38403,2060010600,101,-,0,,sn_si-kg,5,999,,,00000,206,,37.34871455736641,127.11200979338457
457,38404,2060010500,101,-,0,,sn_si-kg,5,999,,,00000,206,,37.3487018697312,127.1099109493374
458,38405,2060010700,101,-,0,,sn_si-kg,5,999,,,00000,206,,37.34874096415916,127.10667444943329
459,38406,2060010400,101,-,1,,sn_si-kg,5,999,,,00000,206,,37.34869918255697,127.10887354270574
460,38407,2060011900,101,-,0,º¸¿Ï,sn_si-kg,5,999,,,00000,206,,37.35139202610662,127.10881919937344
461,38408,2060011000,101,¹Ì±Ý¿ª»ç°Å¸®,1,º¸¿Ï,sn_si-kg,5,999,,,00000,206,,37.350055308016465,127.10885507422847
462,38409,2060053600,101,-,0,,sn_si-kg,5,999,,,00000,206,,37.413303557942584,127.13046469980884
463,38410,2060031800,104,³»Á¤±³,0,±³·®,sn_si-kg,5,999,,,00000,206,,37.380340682421604,127.11913485562343
464,38411,2060032500,104,³»Á¤±³,0,±³·®,sn_si-kg,5,999,,,00000,206,,37.38086512026439,127.11988713670223
465,38412,2060034300,104,ÃÊ¸²±³,0,±³·®,sn_si-kg,5,999,,,00000,206,,37.38288774497096,127.11819694908172
466,38413,2060034000,104,ÃÊ¸²±³,0,±³·®,sn_si-kg,5,999,,,00000,206,,37.38229046384254,127.11734438730139
467,38414,2060033600,104,¼ö³»±³,0,±³·®,sn_si-kg,5,999,,,00000,206,,37.382069807988046,127.11618410540154
468,38415,2060034700,104,¼ö³»±³,0,±³·®,sn_si-kg,5,999,,,00000,206,,37.383328464026704,127.11476182401498
469,38416,2060002701,104,¾çÇö±³,0,±³·®,sn_si-kg,5,999,,,00000,206,,37.39031821427301,127.12210569939737
470,38417,2060003101,104,¾çÇö±³,0,±³·®,sn_si-kg,5,999,,,00000,206,,37.391024401500545,127.12093416787832
471,38418,2060054900,104,¼º³²±³,1,±³·®,sn_si-kg,5,999,,,00000,206,,37.414351651217885,127.12871373060966
472,38419,2060046800,104,¾ßÅ¾±³,0,±³·®,sn_si-kg,5,999,,,00000,206,,37.40791458921723,127.12530523087082
473,38421,2060041900,104,¸Å¼Û2±³,0,±³·®,sn_si-kg,5,999,,,00000,206,,37.398540151711984,127.12006748044678
474,38424,2060022500,104,-,0,,sn_si-kg,5,999,,,00000,206,,37.37003546370312,127.10421588646682
475,38425,2060019700,101,-,0,º¸¿Ï,sn_si-kg,5,999,,,00000,206,,37.36849183859374,127.10426054320146
476,38426,2060015800,101,-,1,,sn_si-kg,5,999,,,00000,206,,37.36349411991728,127.10455463679352
477,38427,2060013200,101,-,0,º¸¿Ï,sn_si-kg,5,999,,,00000,206,,37.35992308930537,127.10427285581943
478,38428,2060012700,101,-,0,º¸¿Ï,sn_si-kg,5,999,,,00000,206,,37.356639839044874,127.10430448047862
479,38429,2060012300,101,-,1,º¸¿Ï,sn_si-kg,5,999,,,00000,206,,37.353439620489326,127.10433538657946
480,38434,2060028900,101,-,0,º¸¿Ï,sn_si-kg,5,999,,,00000,206,,37.37710852624292,127.1328229182219
481,38435,2060029800,101,-,0,º¸¿Ï,sn_si-kg,5,999,,,00000,206,,37.377660933000755,127.13358329319908
482,38436,2060008600,103,-,0,,sn_si-kg,5,999,,,00000,206,,37.34428949548192,127.10429619952129
483,38437,2060047700,104,-,0,,sn_si-kg,5,999,,,00000,206,,37.40852643306732,127.11868994932433
484,38438,2060001701,101,-,1,,sn_si-kg,5,999,,,00000,206,,37.37168077605372,127.10178166814774
485,38439,2060022700,101,-,1,,sn_si-kg,5,999,,,00000,206,,37.37033287039753,127.09940082459116
486,38440,2060021500,101,-,1,,sn_si-kg,5,999,,,00000,206,,37.36964252652615,127.09911638701965
487,38441,2060022300,101,-,0,,sn_si-kg,5,999,,,00000,206,,37.36982333881747,127.09695413717213
488,38442,2060032100,101,-,0,,sn_si-kg,5,999,,,00000,206,,37.380508901506516,127.04817157471746
489,38445,2060008500,101,-,0,,sn_si-kg,5,999,,,00000,206,,37.34396418282489,127.12547951228555
490,38446,2060009100,101,-,0,,sn_si-kg,5,999,,,00000,206,,37.34453718225859,127.1263201373647
491,38447,2060015100,101,-,1,,sn_si-kg,5,999,,,00000,206,,37.3634499946819,127.10716873031038
492,38448,2060013400,101,-,1,,sn_si-kg,5,999,,,00000,206,,37.35993196381514,127.1071806993873
493,38449,2060012600,101,-,0,,sn_si-kg,5,999,,,00000,206,,37.35567021431456,127.11269176186988
494,38450,2060012100,101,-,0,,sn_si-kg,5,999,,,00000,206,,37.35333055790824,127.11081432461106
495,38451,2060052600,101,-,0,,sn_si-kg,5,999,,,00000,206,,37.41235905757179,127.13799960557947
496,38452,2060050300,101,-,0,,sn_si-kg,5,999,,,00000,206,,37.41070461980064,127.13763469937089
497,38453,2060037200,101,-,0,,sn_si-kg,5,999,,,00000,206,,37.38607715097771,127.12127379324534
498,38454,2060036500,101,-,0,,sn_si-kg,5,999,,,00000,206,,37.38552627666462,127.12050419931813
499,38455,2060035900,101,-,0,,sn_si-kg,5,999,,,00000,206,,37.384970057680675,127.11971879351097
500,38457,2060049700,101,-,1,,sn_si-kg,5,999,,,00000,206,,37.409828089289476,127.12944919976258
501,38458,2060047800,101,-,1,,sn_si-kg,5,999,,,00000,206,,37.408576307668454,127.12869994939888
502,38459,2060035200,101,-,0,,sn_si-kg,5,999,,,00000,206,,37.38394730730016,127.1320292620344
503,38460,2060043800,101,-,1,,sn_si-kg,5,999,,,00000,206,,37.40490015170724,127.12541007473237
504,38461,2060045200,101,-,0,,sn_si-kg,5,999,,,00000,206,,37.40594130761241,127.12538591804332
505,38462,2060044300,101,-,1,,sn_si-kg,5,999,,,00000,206,,37.4054020885128,127.12701298045192
506,38463,2060030300,101,-,0,,sn_si-kg,5,999,,,00000,206,,37.378213932411825,127.13861369953327
507,38464,2060029300,101,-,0,,sn_si-kg,5,999,,,00000,206,,37.37729408875316,127.13966004362726
508,38468,2060040800,101,-,0,,sn_si-kg,5,999,,,00000,206,,37.39187602618739,127.1285995742686
509,38469,2060040600,101,-,0,,sn_si-kg,5,999,,,00000,206,,37.391630088592024,127.13304832429537
510,38470,2060046100,101,-,0,,sn_si-kg,5,999,,,00000,206,,37.40734215185984,127.1406711369957
511,38471,2060048100,101,-,0,,sn_si-kg,5,999,,,00000,206,,37.40869365120682,127.13794382423134
512,38475,2060036800,102,-,0,,sn_si-kg,5,999,,,00000,206,,37.38569630788339,127.13614441844697
513,38478,2060012500,104,µ¹¸¶±³,0,±³·®,sn_si-kg,5,999,,,00000,206,,37.35413002641394,127.1178603553293
514,38479,2060025700,104,Àå¾È±³,0,±³·®,sn_si-kg,5,999,,,00000,206,,37.373159995316655,127.14175694963558
515,38480,2060047000,104,¾ßÅ¾8±³,0,±³·®,sn_si-kg,5,999,,,00000,206,,37.40801127622797,127.13382785573106
516,38481,2060047200,104,¾ßÅ¾7±³,0,±³·®,sn_si-kg,5,999,,,00000,206,,37.40811693307654,127.13789754332106
517,38482,2060047300,104,¸ñ·Ã±³,0,±³·®,sn_si-kg,5,999,,,00000,206,,37.408216151678744,127.14005544944325
518,38485,2060011600,104,¹Ì±Ý±³,0,±³·®,sn_si-kg,5,999,,,00000,206,,37.350659745050336,127.12155548069006
519,38486,2060055000,104,¿©¼öÃµ±³,0,±³·®,sn_si-kg,5,999,,,00000,206,,37.41437627645371,127.12253435584671
520,38487,2060036700,104,¼­Çö±³(ÅºÃµ7±³),0,±³·®,sn_si-kg,5,999,,,00000,206,,37.38565955798799,127.1178264490901
521,38488,2060037500,104,¼­Çö±³(ÅºÃµ7±³),0,±³·®,sn_si-kg,5,999,,,00000,206,,37.38655199480786,127.11682363667899
522,38493,2060041800,104,¸Å¼Û±³,0,±³·®,sn_si-kg,5,999,,,00000,206,,37.39846008866897,127.12358354359696
523,38494,2060044000,104,¾ßÅ¾±³,0,±³·®,sn_si-kg,5,999,,,00000,206,,37.40515924548458,127.15621535529658
524,38495,2060041700,104,-,0,,sn_si-kg,5,999,,,00000,206,,37.39517124552481,127.12047719897282
525,38496,2060042700,101,-,1,,sn_si-kg,5,999,,,00000,206,,37.39969902617281,127.12541582409813
526,38497,2060042000,101,-,1,,sn_si-kg,5,999,,,00000,206,,37.39867249504249,127.12541210540144
527,38498,2060042100,101,-,1,,sn_si-kg,5,999,,,00000,206,,37.399185432355125,127.12749788679628
528,38500,2060010900,103,-,0,,sn_si-kg,5,999,,,00000,206,,37.349625120021756,127.12366382427581
529,38501,2060000201,104,Á¾¿ø±³,0,±³·®,sn_si-kg,5,999,,,00000,206,,37.34371558863228,127.10183360579356
530,38502,2060000101,104,Á¾¿ø±³,0,±³·®,sn_si-kg,5,999,,,00000,206,,37.34314508841453,127.10207241806052
531,38503,2060027200,104,¼­´ç±³,0,±³·®,sn_si-kg,5,999,,,00000,206,,37.37480921432211,127.13750654328373
532,38504,2060028000,104,´ç¿ì±³,0,±³·®,sn_si-kg,5,999,,,00000,206,,37.37576021409319,127.13435038701107
533,38505,2060027700,104,´ç¿ì±³,0,±³·®,sn_si-kg,5,999,,,00000,206,,37.375379838646325,127.13478129356406
534,38506,2060028200,104,¹úÅÍ±³,0,±³·®,sn_si-kg,5,999,,,00000,206,,37.37592283849574,127.13554760586521
535,38507,2060054000,104,»óÅ¾±³,0,±³·®,sn_si-kg,5,999,,,00000,206,,37.41359515141937,127.14385457420212
536,38511,2060011200,101,-,0,,sn_si-kg,5,999,,,00000,206,,37.35007605717436,127.10426401188658
537,38512,2060055300,104,¹ú¸»±³,0,±³·®,sn_si-kg,5,999,,,00000,206,,37.41540677629217,127.1338651991789
538,38513,2060055200,104,¹ú¸»±³,0,±³·®,sn_si-kg,5,999,,,00000,206,,37.41492086990178,127.13387116797924
539,38514,2060054800,104,ÁßÅ¾±³,0,±³·®,sn_si-kg,5,999,,,00000,206,,37.4143047767551,127.13893210539709
540,38515,2060026200,103,-,0,,sn_si-kg,5,999,,,00000,206,,37.37380793255704,127.11264910522743
541,38516,2060032200,103,-,0,,sn_si-kg,5,999,,,00000,206,,37.380688088722934,127.04557285601004
542,38517,2060026500,101,-,0,,sn_si-kg,5,999,,,00000,206,,37.374285838578714,127.15077616842905
543,38524,2060027900,104,¹úÅÍ±³,0,±³·®,sn_si-kg,5,999,,,00000,206,,37.37550296392601,127.1360192310218
544,39193,2060004800,108,ÆÇ±³IC ºÏÃø(º»¼±),0,,,5,999,,,00000,206,,37.39942612060776,127.1001876369379
545,39194,2060004600,108,ÆÇ±³IC µ¿Ãø(¿¬°á·Î),0,,sn_si-kg,5,999,,,00000,206,,37.397041807466735,127.10210260560302
546,39195,2060004100,108,ÆÇ±³IC ³²Ãø(¿¬°á·Î),0,,,5,999,,,00000,206,,37.395351026293724,127.10102679342413
547,39196,2060002900,108,ÆÇ±³IC ³²Ãø(¿¬°á·Î),0,,,5,999,,,00000,206,,37.3911242136553,127.10177035557592
548,39197,2060004900,108,ÆÇ±³JC ³²Ãø(°æºÎ¼± º»¼±),0,,,5,999,,,00000,206,,37.40221918280571,127.09830457441979
549,39215,2060002901,104,¼­¿ïT/G,0,sa_tg_add,,5,999,,,00000,206,,37.36466380782622,127.10329910589894
550,45726,2060004700,104,-,0,,sn_si-kg,5,999,,,00000,206,,37.39747508912927,127.10355373094512
551,45727,2060003900,104,-,0,,sn_si-kg,5,999,,,00000,206,,37.39516137006956,127.1019381681673
552,83927,2060056200,108,¼­ÆÇ±³IC,0,,,5,00000000000008,,,60120,206,,37.385860599628984,127.06949492181423
553,83928,2060056600,103,¿îÁßÅÍ³Î,0,,,5,00000000000009,,,60120,206,,37.39552995000872,127.07122214891183
554,83936,2060056500,108,¼­ÆÇ±³IC,0,,,5,00000000000017,,,60120,206,,37.3913260107268,127.07047143804914
555,83937,2060055800,101,-,0,,,5,00000000000018,,,60120,206,,37.36712007032685,127.06245834656784
556,83938,2060055900,101,-,0,,,5,00000000000019,,,60120,206,,37.36716012073413,127.06279851242743
557,83939,2060055700,108,°í±âJCT,0,,,5,00000000000020,,,60120,206,,37.36362638680538,127.06266002402947
558,83940,2060055600,108,°í±âJCT,0,,,5,00000000000021,,,60120,206,,37.36180717705065,127.06273916706596
559,83945,2060055500,101,°í±âJCT,0,,,5,00000000000026,,,60120,206,,37.361230255673604,127.06740002668994
560,83948,2060056400,101,¼­ÆÇ±³IC,0,,,5,00000000000029,,,60120,206,,37.38850150013684,127.06966088360082
561,83949,2060056300,101,¼­ÆÇ±³IC,0,,,5,00000000000030,,,60120,206,,37.3882528753673,127.07037359181243
562,83952,2060056000,103,ÇÏ»ê¿îÅÍ³Î,0,,,5,00000000000035,,,60120,206,,37.369174610173616,127.06278247571697
563,83953,2060056100,103,ÇÏ»ê¿îÅÍ³Î,0,,,5,00000000000036,,,60120,206,,37.38365773909652,127.0687060005572
564,83960,2060019800,101,-,0,º¸¿Ï,sn_si-kg,5,999,,,00000,206,,37.368499400992675,127.10594873072978
565,83961,2060015600,101,-,0,º¸¿Ï,sn_si-kg,5,999,,,00000,206,,37.36346883907572,127.10980129320365
